username;date;retweets;favorites;text;geo;mentions;hashtags;id;permalink
southern_cville;2017-12-29 13:30;0;0;"JUST ANNOUNCED: Butchertown Burlesque is back for the first installment of 2018 on Saturday, 1/13 ! Tix on sale now: http://bit.ly/Burlesque113 pic.twitter.com/wfFkSv12lr";;;;"946810550171742210";https://twitter.com/southern_cville/status/946810550171742210
southern_cville;2017-12-29 11:45;0;1;"Vaden Cox and Friends return for the 10th Annual Christmas Show tonight! Tix: http://bit.ly/Vaden1229 pic.twitter.com/yb76DYiTwH";;;;"946784281136914433";https://twitter.com/southern_cville/status/946784281136914433
southern_cville;2017-12-28 12:57;0;0;"The Haus of Belle is back in 2018 with an all-star celebrity cast you won't want to miss! Tix: http://bit.ly/HOB126 pic.twitter.com/99ldlRo2a9";;;;"946439909065351169";https://twitter.com/southern_cville/status/946439909065351169
molly_bryan20;2017-12-27 13:49;0;4;"Mmmm just had my Cville Booyas burrito and a southern sweet tea Can't find that anywhere in the north";;;;"946090719017652224";https://twitter.com/molly_bryan20/status/946090719017652224
southern_cville;2017-12-24 12:15;0;1;"Happy Holidays from our family at The Southern to yours. Thanks for supporting years of live & local music here in Charlottesville! pic.twitter.com/zaw7UQIvYZ";;;;"944979736299753472";https://twitter.com/southern_cville/status/944979736299753472
southern_cville;2017-12-23 12:00;0;0;"It's on tonight for The Haus of Belle Holiday Extravaganza w/ special guest @ StacyLMatthews of @ RuPaulsDragRace! Tix: http://bit.ly/HOB1223 pic.twitter.com/WvujctB9t2";;@ @;;"944613576429449216";https://twitter.com/southern_cville/status/944613576429449216
southern_cville;2017-12-19 11:30;0;0;"JUST ANNOUNCED: Dude Ranch and the Girl at the Rock Show: The Ultimate @ blink182 Tribute! Tix on sale the Friday: http://bit.ly/Blink131 pic.twitter.com/zGNVb5mUeR";;@;;"943156474074636288";https://twitter.com/southern_cville/status/943156474074636288
WayDownWanderer;2017-12-18 09:33;0;0;"@ MerleFest on the Road, February dates! 2/22 Charlottesville, VA - @TheSouthernCville 2/23 Bristol, VA - @birthplaceofcountrymusic 2/24 Greensboro, NC - @ thevandyke 2/25 Asheville, NC - @greyeagleasheville 2/27 Nashville, TN @ stationinn1974 2/28 Duluth, GA @redclaymusicfoundrypic.twitter.com/bbBjmPgLXh";;@ @TheSouthernCville @birthplaceofcountrymusic @ @greyeagleasheville @ @redclaymusicfoundrypic;;"942764705378131968";https://twitter.com/WayDownWanderer/status/942764705378131968
MusicCville;2017-12-16 10:00;0;0;"Second Draw - Album Release Party & Benefit for The Haven with Keith Morris & The Crooked Numbers: @ southern_cville at 8 PM # Charlottesville";;@;#;"942046702780915714";https://twitter.com/MusicCville/status/942046702780915714
MusicCville;2017-12-15 10:00;0;0;"A Wild & Risqué Family Christmas with Erin & The Wildfire and Disco Risque: @ southern_cville at 9 PM";;@;;"941684333324091393";https://twitter.com/MusicCville/status/941684333324091393
artscville;2017-12-14 17:25;1;1;"Second Draw and Keith Morris & The Crooked Numbers @ keithmorris112 play a benefit for The Haven at @ southern_cville on Saturday. http://www.c-ville.com/arts-pick-second-draw/ …";;@ @;;"941433888160788481";https://twitter.com/artscville/status/941433888160788481
realKStrawn93;2017-12-11 16:48;0;5;"Now that I look back on it, the guy who @ GroyperMatt said was responsible for attacking both @ Lauren_Southern in NYC and Baked Alaska in CVille may have made a third attempt — on me in Laguna Beach on 8/20. Travis Greer had to block him, shaking and with a fist held up.";;@ @;;"940337598303629312";https://twitter.com/realKStrawn93/status/940337598303629312
southern_cville;2017-12-11 12:30;0;0;"JUST ANNOUNCED: Tix on sale Friday for the prairie-born songwriter with a baritone vocal @ ColterWall on 4/6! http://bit.ly/CWall46 pic.twitter.com/Gqy5x9hEeQ";;@;;"940272469772038144";https://twitter.com/southern_cville/status/940272469772038144
MusicCville;2017-12-10 10:00;0;0;"First Harmonics Winter Concert with the Virginia Glee Club Subset and Wendy Repass: @ southern_cville at 7 PM";;@;;"939872351784615936";https://twitter.com/MusicCville/status/939872351784615936
southern_cville;2017-12-07 14:24;0;0;"Rock out with @ TheBaronsMusic & Butterfly Vendetta tonight! Music kicks off at 8pm - tickets available in advance & at the door: http://bit.ly/Barons127 pic.twitter.com/XcuzrO8NC4";;@;;"938851606807932928";https://twitter.com/southern_cville/status/938851606807932928
MusicCville;2017-12-07 10:00;0;0;"The Barons with Butterfly Vendetta: @ southern_cville at 8 PM";;@;;"938785224116248577";https://twitter.com/MusicCville/status/938785224116248577
southern_cville;2017-12-05 12:00;0;0;"LIVE! ON STAGE: JONATHAN RICHMAN featuring TOMMY LARKINS on the drums! Tix on sale Friday at 10am: http://bit.ly/JRichman224 pic.twitter.com/YhGwOHlqlB";;;;"938090601303629824";https://twitter.com/southern_cville/status/938090601303629824
CVilleFood;2017-12-02 17:16;0;0;"6 Po Boy Sandwiches You Must Try In Charlottesville, Virginia! # CVille Jerry Miller ~ The Fitzroy, Southern... http://fb.me/TeEvizJI";;;#;"937082993658744833";https://twitter.com/CVilleFood/status/937082993658744833
MusicCville;2017-12-02 10:00;0;0;"The Southern Belles & The Jauntee: @ southern_cville at 9 PM";;@;;"936973411556892672";https://twitter.com/MusicCville/status/936973411556892672
LoveCVille;2017-12-01 12:10;0;0;"6 Po Boy Sandwiches You Must Try In Charlottesville, Virginia! # CVille Jerry Miller ~ The Whiskey Jar, Southern... http://fb.me/8cje8RFo5";;;#;"936643584069197825";https://twitter.com/LoveCVille/status/936643584069197825
southern_cville;2017-11-30 13:13;0;0;"It's going down tonight at the Haus of Belle Drag Show - do you have your tickets yet? http://bit.ly/HOB1130 pic.twitter.com/vO1Dwc1gfD";;;;"936297023816441856";https://twitter.com/southern_cville/status/936297023816441856
MusicCville;2017-11-30 10:00;0;0;"The Haus Of Belle Drag Show featuring Chicki Parm: @ southern_cville at 8:30 PM";;@;;"936248521484779520";https://twitter.com/MusicCville/status/936248521484779520
southern_cville;2017-11-28 12:05;0;0;"JUST ANNOUNCED: Celebrate the joint birthday of Elvis Presley & David Bowie Saturday, 1/6! Tix on sale now: http://bit.ly/ElvisBowie16 pic.twitter.com/PR62bfUW0U";;;;"935555217579442182";https://twitter.com/southern_cville/status/935555217579442182
ScoutologyCVILL;2017-11-28 10:21;0;0;"6 Po Boy Sandwiches You Must Try In Charlottesville, Virginia! # CVille Jerry Miller ~ The Whiskey Jar, Southern... http://fb.me/5WvqlkmDj";;;#;"935529036301946880";https://twitter.com/ScoutologyCVILL/status/935529036301946880
VAHumanities;2017-11-27 11:50;15;27;"Colonial Williamsburg's first Revolutionary in Residence explores the tangled past of race and slavery through the history of Southern cuisine. @ Daily_Press http://ow.ly/sw9P30gPUMK  You can catch @ KosherSoul at VFH's @ VABookFest this March in Cville. http://ow.ly/Z7xV30gPUOc pic.twitter.com/OcCefHEkij";;@ @ @;;"935189035236188160";https://twitter.com/VAHumanities/status/935189035236188160
rockfishmusic1;2017-11-25 13:20;0;0;"On this Small Business Saturday, go to Rockfish and subscribe to join an awesome Cville Music scene. http://Rockfishmusic.com  only $3/mo gets you started! Come to @ southern_cville tonight to see Rockfish Artists Travis Elliott and @ LordNelsonBand rock the joint!";;@ @;;"934486942837825536";https://twitter.com/rockfishmusic1/status/934486942837825536
davestipe;2017-11-25 13:19;0;0;"On this Small Business Saturday, go to Rockfish and subscribe to join an awesome Cville Music scene. http://Rockfishmusic.com  only $3/mo gets you started! Come to @ southern_cville tonight to see Rockfish Artists Travis Elliott and @ LordNelsonBand rock the joint!";;@ @;;"934486841457364992";https://twitter.com/davestipe/status/934486841457364992
MusicCville;2017-11-24 10:00;0;0;"Ships In the Night & Synthetic Division Back In the Upside Down: @ southern_cville at 9 PM";;@;;"934074189287383040";https://twitter.com/MusicCville/status/934074189287383040
richtarbell;2017-11-23 20:48;1;2;"33 of my photos of the sold out @ Chamomilewhisky "Sweet Afton" record release show at the @ southern_cville with Red and the Romantics and @ SallyRoseBand + @ ErinAndWildfire :: https://www.flickr.com/photos/richandpollywedding/albums/72157690000232425 …pic.twitter.com/pjBOAzXV9i";;@ @ @ @;;"933874962430967808";https://twitter.com/richtarbell/status/933874962430967808
WCNRTheCorner;2017-11-22 18:42;0;1;"Big release party for Travis Elliott Sat @ southern_cville! ICYMI: Dave Stipe of @ rockfishmusic1 joined us too for the # CornerLoungehttps://shar.es/1MpMZm";;@ @;#;"933480862238289922";https://twitter.com/WCNRTheCorner/status/933480862238289922
WCNRTheCorner;2017-11-22 18:37;2;2;"Tonight's the night! @ Chamomilewhisky & friends @ southern_cville! Here's their # CornerLounge!https://shar.es/1MpMH8";;@ @;#;"933479698721632256";https://twitter.com/WCNRTheCorner/status/933479698721632256
artscville;2017-11-22 13:18;2;4;". @ Chamomilewhisky pays tribute to its roots with the release of a new album, Sweet Afton, at @ southern_cville tonight. http://www.c-ville.com/arts-pick-chamomile-whiskey-3/#.WhW9ibQ-eV4 …";;@ @;#;"933399270216126473";https://twitter.com/artscville/status/933399270216126473
WNRNradio;2017-11-22 09:48;0;1;"Tune in at noon for an in-studio session with @ Chamomilewhisky ahead of their album release show at the @ southern_cville tonight! And check out our in-studio page for videos of that session and more! http://bit.ly/2mRdFya";;@ @;;"933346409247641600";https://twitter.com/WNRNradio/status/933346409247641600
Chamomilewhisky;2017-11-22 09:10;0;2;"Album release party tonight at @ southern_cville w/ Red and the Romantics & Sally rose and Erin Lunsford of @ SallyRoseBand @ ErinAndWildfire!";;@ @ @;;"933336831218794496";https://twitter.com/Chamomilewhisky/status/933336831218794496
LoveCVille;2017-11-21 18:44;1;1;"6 Po Boy Sandwiches You Must Try In Charlottesville, Virginia! # CVille Jerry Miller ~ The Fitzroy, Southern... http://fb.me/1Hbu7qWA0";;;#;"933118851146858497";https://twitter.com/LoveCVille/status/933118851146858497
itsruthb;2017-11-17 11:25;16;77;"The Safe Haven Tour: Part III is on sale NOW! 1/18: @ HOBDallas 1/19: @ HOBHouston 1/20: @ StubbsAustin 1/22: @ NTheatre 1/23: @ ThePourHouse 1/24: @ southern_cville 1/26: @ Cattivo44 1/27: @ thegrogshop 1/28: @ BasementCbus 1/30: @ annarborark 1/31: @ CosmicCharlieshttp://RuthBOfficial.com/tour";;@ @ @ @ @ @ @ @ @ @ @;;"931558931196989442";https://twitter.com/itsruthb/status/931558931196989442
alexcastagne;2017-11-17 01:34;1;4;"@ JoeListComedy and @ gregstone_ murdered at The Southern in CVille!! What a night! What a hang!! Two of the best working comics, and genuinely great guys. pic.twitter.com/2YSLp0mPdz";;@ @;;"931410316323381248";https://twitter.com/alexcastagne/status/931410316323381248
artscville;2017-11-16 20:15;1;1;"There’s something @ Bully's Alicia Bognanno wants to get off her chest: her band's latest album, Losing, is not a breakup record. "I want to scream that to the top of my lungs," she says. She easily could. Hear the band's grunge-pop @ southern_cville Friday http://www.c-ville.com/bully-frontwoman-talks-audio-engineering-screaming-losing/ …";;@ @;;"931329804267327488";https://twitter.com/artscville/status/931329804267327488
VAHumanities;2017-11-16 09:22;7;7;"Don't miss VFH Fellow Jamie Ross's talk at @ LibraryofVA in # RVA 12/6. Her talk in Cville on the history of southern food was standing room only! pic.twitter.com/VfCc6UEMut";;@;#;"931165476008415233";https://twitter.com/VAHumanities/status/931165476008415233
cvillepulse;2017-11-16 09:15;1;1;"Nobuntu at @ JMU, @ JoeListComedy at the @ southern_cville, the Fall Greek Fest, Apple Cider Making with Tom Burford + more to do around # Charlottesville. » Go out: http://bit.ly/2jqgW66  » For families: http://bit.ly/2AHIsQ8 pic.twitter.com/4aOJ8smWVA";;@ @ @;#;"931163700240695298";https://twitter.com/cvillepulse/status/931163700240695298
southern_cville;2017-11-14 11:15;3;25;"JUST ANNOUNCED: @ itsruthb is on tour with her first full-length album! Catch the breakout online star 1/24 - tix on sale Friday: http://bit.ly/RuthB124 pic.twitter.com/evCoI5PWWR";;@;;"930469127319375872";https://twitter.com/southern_cville/status/930469127319375872
southern_cville;2017-11-10 13:34;1;2;"Late night bluegrass jams tonight w/ @ KendallStreetCo & The Dirty Grass Players - catch them after @ BoyNamedBanjo at @ CvilleJefferson! http://bit.ly/KSCo1110 pic.twitter.com/VK2RNWy7sQ";;@ @ @;;"929054672853356549";https://twitter.com/southern_cville/status/929054672853356549
southern_cville;2017-11-09 13:30;0;0;"New tunes from @ TheDawnDrapes TONIGHT w/ Breakers & The Cordial Sins! Tix: http://bit.ly/DawnDrapesTix pic.twitter.com/MmSTjtJZY8";;@;;"928691231596695552";https://twitter.com/southern_cville/status/928691231596695552
MusicCville;2017-11-09 10:00;0;0;"The Dawn Drapes Release Party with Breakers and The Cordial Sins: @ southern_cville at 9 PM";;@;;"928638353410367488";https://twitter.com/MusicCville/status/928638353410367488
hellohln;2017-11-08 21:23;0;0;"SO MANY SOUTHERN WINS lets not forget the people in Charlotte!! Amazing! And Cville too :) Seattle and NYC are disappointments lol.";;;;"928447930461310976";https://twitter.com/hellohln/status/928447930461310976
Elizabe19299625;2017-11-08 20:41;1;12;"My dad was sent to UVa from VMI when WWII began. Like your dad, mine was the epitome of the Cville/Southern gentleman who valued life, learning and family. He loved Cville until he died and was thrilled that I spent my adult life there. I know you esp miss your dad today.";;;;"928437269496848384";https://twitter.com/Elizabe19299625/status/928437269496848384
cvillepulse;2017-11-08 20:00;1;1;". @ TheDawnDrapes gets an artistic boost from its new digs. The ensemble returns to town for a Thursday record-release show at @ southern_cville: http://bit.ly/2zs5POa pic.twitter.com/PPmUyBGAiW";;@ @;;"928426914762461184";https://twitter.com/cvillepulse/status/928426914762461184
MusicCville;2017-11-08 10:00;0;0;"The Deslondes with Twain: @ southern_cville at 8:30 PM";;@;;"928275964747857920";https://twitter.com/MusicCville/status/928275964747857920
southern_cville;2017-11-07 13:15;0;0;"JUST ANNOUNCED: Southern Culture On The Skids is bringing the rock & roll gospel Friday, 3/16 - tix on sale Friday! http://bit.ly/SCOTS316 pic.twitter.com/kvmg8eY1To";;;;"927962608845586432";https://twitter.com/southern_cville/status/927962608845586432
southern_cville;2017-11-06 11:50;0;1;"JUST ANNOUNCED: @ noahgundersen returns to the Southern w/ @ aaronrgillespie Saturday, 2/10! Tix on sale this Friday: http://bit.ly/NG210 pic.twitter.com/bMAI49UKHE";;@ @;;"927578872534749185";https://twitter.com/southern_cville/status/927578872534749185
southern_cville;2017-11-03 13:17;1;2;"Eclectic americana w/ a bluegrass twist, stomp your feet to The Ghost of Paul Revere & @ dangermuffin tonight! Tix: http://bit.ly/GPRDangerTix pic.twitter.com/EAvCkC46E0";;@;;"926498457438818304";https://twitter.com/southern_cville/status/926498457438818304
MusicCville;2017-11-03 10:00;0;0;"The Ghost of Paul Revere / Dangermuffin: @ southern_cville at 8:30 PM";;@;;"926448957735165957";https://twitter.com/MusicCville/status/926448957735165957
cvillepulse;2017-11-02 16:00;3;1;". @ AllThemWitches remains something apart from all the Nashville mythos. The band hits @ southern_cville on Sat. http://bit.ly/2ikTsLC";;@ @;;"926177104064057344";https://twitter.com/cvillepulse/status/926177104064057344
GoldConnectionz;2017-11-02 13:41;2;9;"CVILLE VA- we return to The Southern on 12/1! Joined by @ MoLowda & @ amteleportation Tix on sale TOMORROW at 10am. by @ indieandtonicpic.twitter.com/pWTR1leLFN";;@ @ @;;"926142313214152706";https://twitter.com/GoldConnectionz/status/926142313214152706
MusicCville;2017-11-02 10:00;0;0;"The Haus of Belle Drag Show featuring Max Miss Everything (Miss Gay Charlottesville Pride): @ southern_cville at 8:30 PM";;@;;"926086548042366977";https://twitter.com/MusicCville/status/926086548042366977
onix_ben;2017-11-01 19:25;0;0;"You know the cause was pretty much discredited over Lauren associating herself with those involved in CVille.";;;;"925866502204649473";https://twitter.com/onix_ben/status/925866502204649473
MusicCville;2017-10-27 10:00;0;0;"Mock Stars Ball 2017 - Night 1 To Benefit the Shelter for Help in Emergency in Honor of Whitney French: @ southern_cville at 8 PM";;@;;"923912257251131392";https://twitter.com/MusicCville/status/923912257251131392
thisisovercoats;2017-10-21 20:10;1;4;"Tonight! @ southern_cville with @ glassiomusic MUSIC STARTS AT 8:30!!! Tickets available at the… https://www.instagram.com/p/Bah5gVqnjOf/";;@ @;;"921891355554492416";https://twitter.com/thisisovercoats/status/921891355554492416
southern_cville;2017-10-21 12:04;0;0;"NY-based female duo @ thisisovercoats are rockin the Southern tonight w/ @ glassiomusic! Tix still available: http://bit.ly/OverCoatsTix pic.twitter.com/9GaQCBsA12";;@ @;;"921769047401918464";https://twitter.com/southern_cville/status/921769047401918464
ChrisAlanComedy;2017-10-20 19:57;0;0;"@ southern_cville the one and only @ toddbarry # crowdworktour show # comedypic.twitter.com/sTfcYA2g3a";;@ @;# #;"921525709520109573";https://twitter.com/ChrisAlanComedy/status/921525709520109573
WCNRTheCorner;2017-10-20 15:06;0;1;"Fogerty covers Petty tonight on 2 For The Road, @ thisisovercoats are in the # CornerLounge tmrw at 5 @ southern_cville https://shar.es/1PqnRS";;@ @;#;"921452499151851521";https://twitter.com/WCNRTheCorner/status/921452499151851521
theuptownfive;2017-10-20 14:42;0;0;"putting my money where my mouth is, i've now ordered the record from @ MelodySupreme and bought a ticket for their show at @ southern_cville";;@ @;;"921446438642561029";https://twitter.com/theuptownfive/status/921446438642561029
southern_cville;2017-10-20 13:38;4;6;"The @ toddbarry Crowd Work Tour is here tonight w/ @ DoogieHorner & host @ ChrisAlanComedy! Tix:http://bit.ly/ToddBTix";;@ @ @;;"921430316950085632";https://twitter.com/southern_cville/status/921430316950085632
southern_cville;2017-10-17 12:57;2;2;"Come out tonight for the best local hip-hop in Central VA - Check The Rhime presented by @ shhoatuva! Tix just $5: http://bit.ly/SHHO1017 pic.twitter.com/3NYg4JlhJL";;@;;"920332883650383873";https://twitter.com/southern_cville/status/920332883650383873
shhoatuva;2017-10-17 10:28;2;1;"Ahead of the shhocase tonight @ southern_cville check out our interview w/ Keese, Sondai, and J-Willz http://shhoatuva.com/post/166487107049/check-the-rhime-an-interview-with-j-willz …";;@;;"920295415471378432";https://twitter.com/shhoatuva/status/920295415471378432
southern_cville;2017-10-15 12:03;1;2;"Hear all new songs off "Champion" from @ _NoraJane TONIGHT with Koda Kerl ( @ Chamomilewhisky) kicking off the show! http://bit.ly/NJSTix pic.twitter.com/NqlgUGvsOz";;@ @;;"919594467358679040";https://twitter.com/southern_cville/status/919594467358679040
southern_cville;2017-10-14 12:30;0;0;""Blend of high-energy blues, R&B and roadhouse rock," don't miss @ tommycastroband & The Pain Killers TONIGHT! http://bit.ly/TCastroTix pic.twitter.com/vQj2ewzhB6";;@;;"919238874735489024";https://twitter.com/southern_cville/status/919238874735489024
The_Currys;2017-10-14 11:50;0;2;"Had a blast singing some tunes last night at @ southern_cville to celebrate the new record from… https://www.instagram.com/p/BaO-weOAPug/";;@;;"919228888370130944";https://twitter.com/The_Currys/status/919228888370130944
MusicCville;2017-10-14 10:00;0;0;"Tommy Castro and The Painkillers Stompin’ Ground Record Release Tour: @ southern_cville at 8 PM # Charlottesville";;@;#;"919201154151542784";https://twitter.com/MusicCville/status/919201154151542784
WCNRTheCorner;2017-10-13 18:02;1;1;"Tonight's the night, people! @ ErinAndWildfire album release party @ southern_cville Here's yesterday's # CornerLoungehttp://1061thecorner.com/corner-lounge/erin-the-wildfire-corner-lounge-10-12-17/#undefined.uxfs …";;@ @;# #undefined;"918960262530650118";https://twitter.com/WCNRTheCorner/status/918960262530650118
southern_cville;2017-10-13 12:45;2;2;"Tix for @ ErinAndWildfire & @ The_Currys tonight are flying faster than a hot slice of - grab yours now! http://bit.ly/ErinWFTix pic.twitter.com/Wv7CiCHnBf";;@ @;;"918880263102349312";https://twitter.com/southern_cville/status/918880263102349312
MusicCville;2017-10-13 10:00;0;0;"Erin & The Wildfire "Thirst" Release Party with The Currys & Special Guests Richelle Claiborne, Davina Jackson,...: @ southern_cville @9 PM";;@ @9;;"918838800989618176";https://twitter.com/MusicCville/status/918838800989618176
The_Currys;2017-10-12 11:39;2;3;"Tomorrow night at 9pm is our show @ southern_cville with @ ErinAndWildfire! We'll have @ woodyjiang… https://www.instagram.com/p/BaJz84ugobI/";;@ @ @;;"918501446055841792";https://twitter.com/The_Currys/status/918501446055841792
Chamomilewhisky;2017-10-11 18:54;2;3;"Koda will be solo opening up for @ _NoraJane at the @ southern_cville on Sunday night! # BeThere";;@ @;#;"918248448931127297";https://twitter.com/Chamomilewhisky/status/918248448931127297
Joshshilling;2017-10-10 15:08;1;1;"# charlottesville is on fire right now! Come see us tonight at the @ southern_cville … https://www.instagram.com/p/BaFCO6jDJML/";;@;#;"917829151901364224";https://twitter.com/Joshshilling/status/917829151901364224
tigerbombpromo;2017-10-08 14:17;0;0;"Charlottesville! Don't miss @ TheYawpers tonight at @ southern_cville w/ The James Badfellows! Details here: http://bit.ly/2y3jytP";;@ @;;"917091473551646720";https://twitter.com/tigerbombpromo/status/917091473551646720
southern_cville;2017-10-08 14:00;3;2;"End your weekend with us and rock trio @ TheYawpers are here TONIGHT with The James Bedfellows! Tix: http://bit.ly/YawpersTix pic.twitter.com/66x9Uy4GvX";;@;;"917087196854628352";https://twitter.com/southern_cville/status/917087196854628352
tigerbombpromo;2017-10-07 12:17;1;4;"Charlottesville! @ banditosband play the late show at @ southern_cville tonight! Details here: http://bit.ly/2y7b9rs";;@ @;;"916698886298771457";https://twitter.com/tigerbombpromo/status/916698886298771457
SteveGaines62;2017-10-06 14:07;0;0;"The latest The Cville Daily! http://paper.li/stevegaines62/cville?edition_id=98bdb160-aa9f-11e7-9278-0cc47a0d1609 … Thanks to @ southern_cville @ tnofuentes @ NeilSWilliamson # aclu";;@ @ @;#;"916364184945856513";https://twitter.com/SteveGaines62/status/916364184945856513
The_Currys;2017-10-06 11:41;1;1;"We've got a whole buncha tickets for our show with @ ErinAndWildfire at @ southern_cville on… https://www.instagram.com/p/BZ6XWptgpR-/";;@ @;;"916327485536702464";https://twitter.com/The_Currys/status/916327485536702464
MusicCville;2017-10-06 10:00;0;0;"Kendall Street Company with The High Divers: @ southern_cville at 9 PM";;@;;"916302107283566592";https://twitter.com/MusicCville/status/916302107283566592
SURJ_Cville;2017-10-04 12:51;0;2;"This town is oozing the disease of white supremacy and southern respectability politics. Fuck out of here w/that "protest organizer" BS";;;;"915620338364506112";https://twitter.com/SURJ_Cville/status/915620338364506112
dv_cntr;2017-10-04 11:19;4;2;"Here's four quick questions with @ JoanShelley, who's set to play the @ southern_cville on Saturday: http://bit.ly/2fQpGRI pic.twitter.com/MUkPjFLU8H";;@ @;;"915597263010959362";https://twitter.com/dv_cntr/status/915597263010959362
MusicCville;2017-09-30 10:00;0;2;"Jukebox The Ghost / San Fermin - *MOVED TO THE JEFFERSON* with Secret Weapons: @ southern_cville at 7 PM # Charlottesville";;@;#;"914127717200572416";https://twitter.com/MusicCville/status/914127717200572416
Paisano;2017-09-29 19:11;1;9;"We all miss Faith... she was actually hitting her stride with the # SavetheChristians work in Iraq then the live report from # Cville";;;# #;"913904082896777216";https://twitter.com/Paisano/status/913904082896777216
SonLittleMusic;2017-09-28 18:23;0;1;"nice. rockin at the southern in cville tonight. oh the memories";;;;"913529540969934848";https://twitter.com/SonLittleMusic/status/913529540969934848
joethomaswchv;2017-09-26 07:01;1;0;"So, what does Mayor @ MikeSigner think about this guy coming to # Cville? Link is to the Southern Poverty Law Center : http://ht.ly/aMrH30fqIYs";;@;#;"912633333179457536";https://twitter.com/joethomaswchv/status/912633333179457536
AFTCONST;2017-09-26 07:01;0;0;"So, what does Mayor @ MikeSigner think about this guy coming to # Cville? Link is to the Southern Poverty Law Center : http://ht.ly/aMrH30fqIYs";;@;#;"912633333162668032";https://twitter.com/AFTCONST/status/912633333162668032
southern_cville;2017-09-23 13:04;3;9;"Tix moving fast for @ frankiecosmos tonight - don't wait to get yours at the door! Snag tix now at: http://bit.ly/FCosmosTix pic.twitter.com/EPd6Amvt0Z";;@;;"911637287473000453";https://twitter.com/southern_cville/status/911637287473000453
MusicCville;2017-09-22 10:00;0;0;"Hoopla Pre-Party featuring Chamomile & Whiskey with special guests Disco Risqué and Matt Curreri & the Exfriends: @ southern_cville at 8 PM";;@;;"911228701941022720";https://twitter.com/MusicCville/status/911228701941022720
CursedObject;2017-09-19 21:39;0;2;"Wait why does he have footage of the Cville attack in his trailor like it's his original content?";;;;"910317359470178305";https://twitter.com/CursedObject/status/910317359470178305
southern_cville;2017-09-19 15:04;1;4;"FRIDAY: Get ready for @ dbhoopla with @ Chamomilewhisky + @ DiscoRisque + Matt Curreri & The Exfriends! Tix: http://bit.ly/HooplaPreTix pic.twitter.com/N2E32TiDqR";;@ @ @;;"910218129325817858";https://twitter.com/southern_cville/status/910218129325817858
MusicCville;2017-09-17 10:00;0;0;"The Festy Presents: Phoebe Hunt with Dori Freeman: @ southern_cville at 7 PM";;@;;"909416717322878982";https://twitter.com/MusicCville/status/909416717322878982
TheFesty;2017-09-16 15:00;0;0;"We're hosting a FREE @ Phoebe_Hunt & @ DoriFreeman show at The @ Southern_Cville tomorrow night! Swing by at 7pm! https://www.youtube.com/watch?v=mWfAG2c7ZFs …";;@ @ @;;"909129771858010112";https://twitter.com/TheFesty/status/909129771858010112
VT_4life;2017-09-15 16:51;0;1;"Yep. While I think the Cville protest resembled more white power marching. This is more of a straight up southern confederate pride thing";;;;"908795524190482432";https://twitter.com/VT_4life/status/908795524190482432
southern_cville;2017-09-15 12:00;0;0;"Happy Pride Y'all! Kick off your Pride weekend with The Haus of Belle Drag Show - Pride Preview Party TONIGHT: http://bit.ly/HOB915 pic.twitter.com/AAdCt8iMCI";;;;"908722083806531585";https://twitter.com/southern_cville/status/908722083806531585
MusicCville;2017-09-15 10:00;0;0;"The Haus Of Belle’s PRIDE Preview Party featuring Verona Voulure Demornay: @ southern_cville at 8:30 PM";;@;;"908691926563430400";https://twitter.com/MusicCville/status/908691926563430400
southern_cville;2017-09-13 12:00;2;4;"ON SALE NOW: @ ErinAndWildfire "Thirst" Album Release Party on 10/13 w/ The Currys + special guests! Snag your tix: http://bit.ly/ErinWFTix pic.twitter.com/zboANXFEOO";;@;;"907997313984897029";https://twitter.com/southern_cville/status/907997313984897029
WillOverman1;2017-09-12 13:43;0;1;"Thank you to everyone who came out to the @ southern_cville on Sunday night. Over $900 was raised for PACEM because of you! pic.twitter.com/R4k2fDhqcw";;@;;"907661018830008320";https://twitter.com/WillOverman1/status/907661018830008320
southern_cville;2017-09-11 18:13;2;11;"Due to popular demand, the sold out @ ElectricGuest show this Sat, 9/16 is moving to @ CvilleJefferson! Get your tix: http://bit.ly/EGTix pic.twitter.com/FFS4hCzWpx";;@ @;;"907366497974136833";https://twitter.com/southern_cville/status/907366497974136833
WillOverman1;2017-09-10 17:19;0;1;"Playing at @ southern_cville tonight as part of the Sixpack Songwriters Series to benefit PACEM. Music at 7pm, come support a great cause! pic.twitter.com/RoIJJVKBWa";;@;;"906990619398111232";https://twitter.com/WillOverman1/status/906990619398111232
southern_cville;2017-09-10 13:47;2;2;"6 of the area's best come together TONIGHT for a Songwriter Showcase to benefit @ PacemShelter! Grab tix & support: http://bit.ly/6PackTix pic.twitter.com/ioWlGfhLXG";;@;;"906937062955167744";https://twitter.com/southern_cville/status/906937062955167744
southern_cville;2017-09-09 13:00;0;2;"FREE SHOW: The Breakers Pop - Up Show tonight with Films on Song! Music kicks off at 9 PM. pic.twitter.com/3pzV707wQf";;;;"906562848398114816";https://twitter.com/southern_cville/status/906562848398114816
MusicCville;2017-09-09 10:00;0;0;"The Breakers Free Pop Up Show with Films on Song: @ southern_cville at 9 PM";;@;;"906517589471326209";https://twitter.com/MusicCville/status/906517589471326209
southern_cville;2017-09-08 13:36;0;1;"The ladies of Butchertown Burlesque are back TONIGHT featuring music from 504 Supreme! Tix & VIP still available at: http://bit.ly/Burlesque98 pic.twitter.com/TuurHezpUl";;;;"906209519621033986";https://twitter.com/southern_cville/status/906209519621033986
MusicCville;2017-09-07 10:00;0;0;"The Anatomy of Frank with Wes Swing: @ southern_cville at 8 PM";;@;;"905792805229887490";https://twitter.com/MusicCville/status/905792805229887490
HeroCharlie1;2017-09-06 07:51;0;0;"I was at the show, Eli's a real Hollywood Swinger! The Bass player in the glasses was hitting on me all night!";;;;"905398083797872640";https://twitter.com/HeroCharlie1/status/905398083797872640
WCNRTheCorner;2017-09-02 19:06;0;1;"Tonight's the night @ southern_cville! @ EliCookOfficial album release party! Here's his # CornerLounge from yesterdayhttps://shar.es/1SKXxW";;@ @;#;"904118264556642304";https://twitter.com/WCNRTheCorner/status/904118264556642304
EliCookOfficial;2017-09-02 18:15;1;2;"Ready to shake hands and kiss them babies! Looking forward to seeing you at the meet n' greet @ southern_cville !";;@;;"904105437225725953";https://twitter.com/EliCookOfficial/status/904105437225725953
southern_cville;2017-09-02 13:12;0;0;"TONIGHT - all new tunes from @ EliCookOfficial at the "High Dollar Gospel" Album Release Party! Get your tix now: http://bit.ly/EliCookTix pic.twitter.com/z6ApjZF8iQ";;@;;"904029152084295684";https://twitter.com/southern_cville/status/904029152084295684
MusicCville;2017-09-02 10:00;0;1;"106.1 The Corner Welcomes Eli Cook Record Release Party: @ southern_cville at 9 PM";;@;;"903980872382025729";https://twitter.com/MusicCville/status/903980872382025729
WCNRTheCorner;2017-09-01 15:11;0;0;"elicookofficial stopped by the # CornerLounge before his album release show tmrw @ southern_cville! https://www.instagram.com/p/BYgniXQDqGn/";;@;#;"903696714330136576";https://twitter.com/WCNRTheCorner/status/903696714330136576
southern_cville;2017-08-30 13:54;2;2;"ON SALE NOW: @ dbhoopla Pre-Party w/ @ Chamomilewhisky, @ DiscoRisque + @ mattcurreri & the Exfriends Friday, 9/22! Tix: http://bit.ly/HooplaPreTix pic.twitter.com/M0qAR1hylQ";;@ @ @ @;;"902952557911433217";https://twitter.com/southern_cville/status/902952557911433217
southern_cville;2017-08-30 12:17;2;2;"ON SALE NOW: Widely known for redefining the boundaries of acoustic music, don't miss @ MountainHeart on 10/10! Tix: http://bit.ly/MntnHeartTix pic.twitter.com/yaGyj7uH85";;@;;"902928148626644992";https://twitter.com/southern_cville/status/902928148626644992
PacemShelter;2017-08-23 12:36;0;1;"We now have a flyer for the September 10 Six Pack Songwriter Showcase to Benefit PACEM at @ southern_cville. Please share! pic.twitter.com/skzpEGbhy4";;@;;"900396334724902912";https://twitter.com/PacemShelter/status/900396334724902912
MarkTimms81;2017-08-20 20:46;0;0;"Funny how there is only that one guy with the swastika flag at CVille, and extra funny how no seems interested in doxxing him...";;;;"899432383300210688";https://twitter.com/MarkTimms81/status/899432383300210688
vertov;2017-08-20 13:16;0;0;"you waste a lot of energy on one but not the other, when one has a real bodycount, in Cville, in Portland, Charleston.";;;;"899319338238304256";https://twitter.com/vertov/status/899319338238304256
DMBMother;2017-08-19 13:50;0;0;"If you don't see they are a few bad apples in a barrel of thousands, then I guess you have to own the lone terrorist in Cville. no?";;;;"898965483784781825";https://twitter.com/DMBMother/status/898965483784781825
southern_cville;2017-08-19 13:43;0;1;"Powerhouse vocalist Adar takes the Southern stage tonight with Erin Lunsford (of @ ErinAndWildfire)! Tix at: http://bit.ly/AdarSTix pic.twitter.com/0JNj8hC4CY";;@;;"898963523904163844";https://twitter.com/southern_cville/status/898963523904163844
CheekyRaveness;2017-08-18 23:33;0;1;"Because as soon as I saw the Unite the Right march happening in Cville, VA. I thought: typical racist Southern states.";;;;"898749764530970624";https://twitter.com/CheekyRaveness/status/898749764530970624
seantubbs;2017-08-18 19:16;2;4;"The founder of the Southern Environmental Law Center has posted a message about August 12 and # cville pic.twitter.com/Us6V4skz32";;;#;"898684991759990784";https://twitter.com/seantubbs/status/898684991759990784
southern_cville;2017-08-18 12:37;0;0;"The Haus of Belle Drag Show TONIGHT with @ RuPaulsDragRace Star, Nicole Paige Brooks! Tix: http://bit.ly/818HOB  *Cherry pie not includedpic.twitter.com/m84o0Xr9Ay";;@;;"898584526972084224";https://twitter.com/southern_cville/status/898584526972084224
bbkaksy;2017-08-17 18:35;0;3;"It was the Nazis that did it. If the GOP could've written off Cville as southern pride, they'd just tsk tsk. But Nazis....can't rationalize.";;;;"898312478576324608";https://twitter.com/bbkaksy/status/898312478576324608
gjsd2001;2017-08-17 10:47;0;0;"The good news, libtards can't stop at a victory, they will always find a way to fail. give them time they will f up the cville temp win.";;;;"898194558915399680";https://twitter.com/gjsd2001/status/898194558915399680
dveseylives;2017-08-16 18:35;0;0;"Southern Greywolf here, I was fighting from men in Cville and also in Durham for the toppling of that Confed statue, life long antiracist";;;;"897949960460656640";https://twitter.com/dveseylives/status/897949960460656640
WheelieBricks;2017-08-16 14:34;0;0;"Answer me this, If Antifa hadn't turned up and attacked the disgusting racists, causing a brawl. Would anyone be dead right now in Cville?";;;;"897889282723074050";https://twitter.com/WheelieBricks/status/897889282723074050
1Earth1Sea1Sky;2017-08-16 08:12;0;0;"Some folks think that white racism is a southern thing. Many of the Nazis at Cville were from Ohio.";;;;"897793229172740097";https://twitter.com/1Earth1Sea1Sky/status/897793229172740097
beulahcrusoe;2017-08-15 21:03;0;2;"Cville was purely old-school southern democrat-owned KKK versus the new Soros-owned urban democrat riot gangs antifa & blm...Pure Leftwing.";;;;"897624910050283523";https://twitter.com/beulahcrusoe/status/897624910050283523
julynewmoon;2017-08-14 13:04;0;0;"From Southern Poverty Law Center Look at the map to see who is hating in your state city town: # Cville # DontHatehttps://www.splcenter.org/hate-map";;;# #;"897141975568220162";https://twitter.com/julynewmoon/status/897141975568220162
Cmoore704;2017-08-14 10:49;0;0;"Not only Southern whites. Many of the pitiful idiots identified at the Cville rally were from Ohio, Washington state, Nevada, California.";;;;"897107844797005824";https://twitter.com/Cmoore704/status/897107844797005824
kjhiggins;2017-08-14 09:59;0;2;"The white supremacist and Nazi groups that converged on # Cville were from all over the country. This is not just a Southern problem.";;;#;"897095398220849152";https://twitter.com/kjhiggins/status/897095398220849152
hangallneocons;2017-08-14 01:00;0;0;"Clearly this was the case in CVille. We were led into a trap when we thought the govt would uphold our legal permit granted by federal court";;;;"896959682421510145";https://twitter.com/hangallneocons/status/896959682421510145
TheGloryFires;2017-08-13 17:05;33;113;"cut the classist "southern inbred redneck" bullshit. the Cville murderer is a yankee. their leader is a rich fancylad. it's a WHITE problem.";;;;"896840034615263236";https://twitter.com/TheGloryFires/status/896840034615263236
jdscoville6868;2017-08-13 15:33;0;0;"The establishment didn't want the message to get out in Cville. Shutting down speech is pathetic";;;;"896816924927066113";https://twitter.com/jdscoville6868/status/896816924927066113
CyberPunk_Fixer;2017-08-13 11:34;0;0;"yes i was busy at the cville va rally im sure you an your teddy bears had a lovely tea party.";;;;"896756772043706372";https://twitter.com/CyberPunk_Fixer/status/896756772043706372
packchick91;2017-08-12 21:13;0;0;"I have southern roots. My ancestors fought for the confederacy. My parents were born & raised in NC. I'm outraged by 2day's events. # cville https://twitter.com/joyannreid/status/896531144606441472 …";;;#;"896540295583727616";https://twitter.com/packchick91/status/896540295583727616
JWMcQuatchi;2017-08-12 19:55;0;0;"Trump and the GOP and their Southern strategy that spanned decades OWN what happened in Cville. https://twitter.com/FoxNews/status/896517995186356224 …";;;;"896520642769465344";https://twitter.com/JWMcQuatchi/status/896520642769465344
Squeeze_Daddy;2017-08-12 15:32;0;8;"Oh the confederate flag it's just a sign of my southern roots .. stfu !! You are affiliated with every white supremacist down in Cville rn!";;;;"896454466383339520";https://twitter.com/Squeeze_Daddy/status/896454466383339520
texasinafrica;2017-08-12 14:50;3;19;"This is going to shake those folks. Nazi torchlight rallies do not fit the football Saturdays m.o. Southern whites associate with Cville.";;;;"896443837370990592";https://twitter.com/texasinafrica/status/896443837370990592
ChrisJOShea;2017-08-12 14:11;0;0;"CVille is a great town. And VA is the only Southern state to go for Hillary.";;;;"896434029414809600";https://twitter.com/ChrisJOShea/status/896434029414809600
m_mckinney;2017-08-12 12:57;0;2;"CVille is a beautiful quaint southern college town. You feel peace just driving through the area. The town itself & UVA don't deserve this.";;;;"896415310365982720";https://twitter.com/m_mckinney/status/896415310365982720
johnfein;2017-08-12 10:43;1;4;"Thx to the thread by @ SaraJBenincasa I donated to these orgs: Charlottesville NAACP & Pride, IMPACT Cville, & Inst of Southern Jewish Life. https://twitter.com/johnfein/status/896372520437391361 …";;@;;"896381525566074880";https://twitter.com/johnfein/status/896381525566074880
zulablaw;2017-08-11 20:31;1;2;"Virginia is ours, a Southern state. The 240,000 MS-13 terrorist, rapists, gang must be deported. Save Virginia! # UniteTheRight # Cville # VA https://twitter.com/occdissent/status/896125222109061120 …";;;# # #;"896167256349999105";https://twitter.com/zulablaw/status/896167256349999105
laurafvt;2017-08-11 16:38;0;0;"Will there be ample tickets available at the door?";;;;"896108681854570497";https://twitter.com/laurafvt/status/896108681854570497
RomiTheWriter;2017-08-09 20:45;2;3;"Interview: @ ElectricGuest hits the reset button http://ow.ly/jTto30ebVbk @ MusicHallofWB @ MetroGallery @ southern_cville @ GreyEagleMusicpic.twitter.com/nbYElJkutT";;@ @ @ @ @;;"895445885919805440";https://twitter.com/RomiTheWriter/status/895445885919805440
RIFFonline;2017-08-09 20:45;1;2;"Interview: @ ElectricGuest hits the reset button http://ow.ly/jTto30ebVbk @ MusicHallofWB @ MetroGallery @ southern_cville @ GreyEagleMusicpic.twitter.com/pZ7OWEwxLn";;@ @ @ @ @;;"895445872825090048";https://twitter.com/RIFFonline/status/895445872825090048
redpumpkitchen;2017-08-07 11:13;1;0;"Here's a read to cure the Rainy Monday Blues... # Cville featured in @ CNNTravel's Article~ Charming Southern Cities! http://cnn.it/2uhy6nb pic.twitter.com/RyMdSlSjd8";;@;#;"894577255736909825";https://twitter.com/redpumpkitchen/status/894577255736909825
airparkband;2017-08-05 13:14;0;0;"Charlottesville, VA tonight! We're at the @ southern_cville supporting @ TennisInc //Show @9pm//Tix are moving fast! https://twitter.com/i/web/status/893877011801755649 …";;@ @ @9pm;;"893882951305486337";https://twitter.com/airparkband/status/893882951305486337
MusicCville;2017-08-04 10:00;0;0;"The Days Between: @ southern_cville at 7 PM # Charlottesville";;@;#;"893471633863725056";https://twitter.com/MusicCville/status/893471633863725056
southern_cville;2017-08-01 17:41;1;1;"NEW MUSIC from @ SonLittleMusic - the 2nd single “Demon To The Dark!" Catch him here on 9/28 right after the release: http://bit.ly/SonLittleTix pic.twitter.com/vpUWiIce1W";;@;;"892500545210114049";https://twitter.com/southern_cville/status/892500545210114049
MusicCville;2017-08-01 10:00;0;0;"The Days Between: @ southern_cville at 7 PM";;@;;"892384441573625857";https://twitter.com/MusicCville/status/892384441573625857
Des_E_Moses;2017-07-29 10:11;0;2;"I caught up w/ @ TheWildReeds for @ artscville ahead of their show @ southern_cville tom. I the world they've built http://bit.ly/2vSWeha";;@ @ @;;"891300173112127492";https://twitter.com/Des_E_Moses/status/891300173112127492
WCNRTheCorner;2017-07-28 14:30;0;0;"ICYM @ thewildreeds earlier today, see them @ southern_cville Monday! Stream The Newport Folk Festival This Weekend https://n.pr/2uCa1Z9";;@ @;;"891003042983804928";https://twitter.com/WCNRTheCorner/status/891003042983804928
AuntMarySays;2017-07-28 10:33;0;0;"Zen Mother at @ southern_cville @The Southern Cafe and Music Hall https://www.instagram.com/p/BXF_5kKD-EV/";;@ @The;;"890943175694721027";https://twitter.com/AuntMarySays/status/890943175694721027
AuntMarySays;2017-07-28 10:32;0;0;"Space Saver at @ southern_cville @The Southern Cafe and Music Hall https://www.instagram.com/p/BXF_0APDZRf/";;@ @The;;"890942982274330625";https://twitter.com/AuntMarySays/status/890942982274330625
AuntMarySays;2017-07-28 10:31;0;0;"E.I.R. at @ southern_cville @The Southern Cafe and Music Hall https://www.instagram.com/p/BXF_u7FDIAm/";;@ @The;;"890942791790080000";https://twitter.com/AuntMarySays/status/890942791790080000
southern_cville;2017-07-27 12:10;0;0;"The Haus of Belle Drag Show is back TONIGHT with special guest Miss South Carolina Pride -Symone N. O'Bishop! Tix: http://bit.ly/727HOB pic.twitter.com/QBymtxuqdx";;;;"890605201555587072";https://twitter.com/southern_cville/status/890605201555587072
j_elizabeth;2017-07-26 11:00;0;2;"Sending my love and husband to @ magiczenmother @ southern_cville tonight. Make him show you pictures of the baby.";;@ @;;"890225434415312896";https://twitter.com/j_elizabeth/status/890225434415312896
southern_cville;2017-07-23 22:00;0;0;"We're open late TONIGHT for the Phantogram & Tycho Afterparty w/ Ethan Lipscomb & THRUM! Stop by for FREE w/ your @ SprintPavilion ticket!";;@;;"889304130828865537";https://twitter.com/southern_cville/status/889304130828865537
stephhalch;2017-07-21 17:45;0;3;"cville out-cvilles itself: some of the crosswalks downtown talk to you in a southern accent";;;;"888515181512454146";https://twitter.com/stephhalch/status/888515181512454146
DeannaDanger;2017-07-20 12:24;0;1;"@maisphoto is made of magic! Shots from the show I did with # killerdeluxe at @ southern_cville… https://www.instagram.com/p/BWxmUmQjP3v/";;@maisphoto @;#;"888072164888518657";https://twitter.com/DeannaDanger/status/888072164888518657
WNRNradio;2017-07-20 08:00;2;2;"At 9 a.m., we'll have @ carolinespence_ live in the studio ahead of her show @ southern_cville tonight!";;@ @;;"888005583693119489";https://twitter.com/WNRNradio/status/888005583693119489
carolinespence_;2017-07-19 16:02;1;5;"Thanks for the hometown love @ cvillenews_desk ! See you tomorrow night at @ southern_cville w. Sam Wilson of @ sonsofbillpic.twitter.com/MzASo8Pfa5";;@ @ @;;"887764671197065217";https://twitter.com/carolinespence_/status/887764671197065217
southern_cville;2017-07-19 13:15;0;1;"JUST ANNOUNCED: Celebrate the 10th anniversary of @ davidwaxmuseum + their 1,000th show on 9/14! Tix on sale Friday: http://bit.ly/DWaxTix pic.twitter.com/9a2vSI7pXG";;@;;"887722457364406273";https://twitter.com/southern_cville/status/887722457364406273
southern_cville;2017-07-19 11:54;2;2;"JUST ANNOUNCED: @ WCNRTheCorner welcomes the @EliCookMusic Record Release Party on Saturday, 9/2! Tix on sale now: http://bit.ly/EliCookTix pic.twitter.com/J6JPQMbx18";;@ @EliCookMusic;;"887702072468135936";https://twitter.com/southern_cville/status/887702072468135936
MusicCville;2017-07-16 10:00;0;0;"The Steppin Stones with Born Crooked: @ southern_cville at 8 PM";;@;;"886586237326286850";https://twitter.com/MusicCville/status/886586237326286850
southern_cville;2017-07-13 14:06;0;1;"Get your ready because The Haus of Belle Drag Show returns tonight! Grab your tix now + bundle for the 7/27 show! http://bit.ly/713HOB pic.twitter.com/XnGMbqYVX6";;;;"885560965194027008";https://twitter.com/southern_cville/status/885560965194027008
MusicCville;2017-07-13 10:00;0;0;"The Haus Of Belle Drag Show: @ southern_cville at 8:30 PM";;@;;"885499071334498304";https://twitter.com/MusicCville/status/885499071334498304
southern_cville;2017-07-11 11:25;0;1;"JUST ANNOUNCED: Don't miss @ tommycastroband & The Painkillers Saturday, 10/14! Tix on sale this Friday at 10 AM: http://bit.ly/TCastroTix pic.twitter.com/RWwGgPyVKp";;@;;"884795669738737664";https://twitter.com/southern_cville/status/884795669738737664
Cville_TMP;2017-07-08 22:07;0;0;"Even the intro disproves your entire point, esp. the Southern Strategy was only in the 90s. Maybe you should go read it.";;;;"883870179565948928";https://twitter.com/Cville_TMP/status/883870179565948928
southern_cville;2017-07-07 12:40;0;0;"Tune into our Facebook page today at 4:30 PM to hear from The @ SteppinStonesSC + Hunter from @ Born_Crooked LIVE from Nashville!pic.twitter.com/p03m4qVonf";;@ @;;"883364990756847616";https://twitter.com/southern_cville/status/883364990756847616
southern_cville;2017-07-07 12:23;0;0;"Come celebrate the release of "Soul Resurrection" from Michael Croan + some of your favorite locals - TONIGHT! Tix: http://bit.ly/CROANTix pic.twitter.com/MnJRA3Fepw";;;;"883360713518964737";https://twitter.com/southern_cville/status/883360713518964737
StarrHill;2017-07-07 09:13;0;1;"Sunday finishes strong with road warriors @ FreewayRevival in the TR w/ Two Bros Southwestern Grill.  Cheers to the freakin' weekend! (3/3)";;@;;"883312956989218818";https://twitter.com/StarrHill/status/883312956989218818
StarrHill;2017-07-07 09:12;0;1;"Saturday FREE SHOW: GRITS AND GRAVY @ CvilleJefferson & CROAN brings the Soul Resurrection to @ Southern_Cville http://jeffersontheater.com/events/detail/grits-and-gravy … (2/3)";;@ @;;"883312784188092416";https://twitter.com/StarrHill/status/883312784188092416
DiscoRisque;2017-07-05 09:44;1;1;"We still got a few presales left for our gig with deafscene at the @ southern_cville this… https://www.instagram.com/p/BWKsFbKhZwG/";;@;;"882596084379418624";https://twitter.com/DiscoRisque/status/882596084379418624
southern_cville;2017-07-03 12:15;0;0;"Goth Night came a day early - come by TONIGHT for Mr. Kitty, The Rain Within, & Gild The Mourn! Get your tix at: http://bit.ly/MrKittyTix pic.twitter.com/Q0uSa1HzeG";;;;"881909151265419265";https://twitter.com/southern_cville/status/881909151265419265
MusicCville;2017-07-03 10:00;0;0;"Goth Night Presents Mr. Kitty with The Rain Within and Gild The Mourn: @ southern_cville at 9 PM";;@;;"881875200517615616";https://twitter.com/MusicCville/status/881875200517615616
southern_cville;2017-06-30 15:35;0;1;"Spend your Friday night at the Southern with FREE late night music from Koda's Drunken All Stars & Oil Derek! Doors at 10 & music at 11. pic.twitter.com/PPRZQOC9Sy";;;;"880872316409847808";https://twitter.com/southern_cville/status/880872316409847808
southern_cville;2017-06-29 13:41;0;0;"Come by tonight for our FREE Comedy Open Mic! Try out your material or just sit back and enjoy the laughs! Doors + sign ups at 7 & show at 8 pic.twitter.com/sZEyPvraR4";;;;"880481241627275265";https://twitter.com/southern_cville/status/880481241627275265
southern_cville;2017-06-29 11:30;0;1;"Tix are on sale NOW for the @ zoogma on 8/11 in support of their upcoming record, A Future in Blue! Grab yours: http://bit.ly/ZoogTix pic.twitter.com/pG8WW3cl6D";;@;;"880448275450535937";https://twitter.com/southern_cville/status/880448275450535937
southern_cville;2017-06-28 17:27;0;0;"The kitchen is open 2 hours before any show! We'll be open tonight at 6 PM.";;;;"880175924309880832";https://twitter.com/southern_cville/status/880175924309880832
Jalane_Schmidt;2017-06-28 13:58;0;0;"Cville, like whites in other Southern communities, ignored the KKK in the past. This is precisely what allowed it to metastasize.";;;;"880123203242405888";https://twitter.com/Jalane_Schmidt/status/880123203242405888
MusicCville;2017-06-28 10:00;0;1;"106.1 The Corner welcomes John Paul White with special guest Lera Lynn: @ southern_cville at 8 PM";;@;;"880063268475117569";https://twitter.com/MusicCville/status/880063268475117569
southern_cville;2017-06-27 16:32;0;0;"Keep the party going Sunday, 7/23 with Ethan Lipscomb & THRUM - FREE with your Phantogram/Tycho ticket & $5 without: http://bit.ly/EthanLTix pic.twitter.com/Ouu2S0oBps";;;;"879799661720207360";https://twitter.com/southern_cville/status/879799661720207360
SauronsShadow;2017-06-26 17:03;0;0;"Ready for the @ LeraLynn show at the @ southern_cville this week! Been too long! pic.twitter.com/n1gBuX4mN4";;@ @;;"879445156457582592";https://twitter.com/SauronsShadow/status/879445156457582592
southern_cville;2017-06-26 14:00;0;1;"Power guitar & banjo duo @ CaampBoys will slam the stage on 9/24! Don't miss out - tix on sale this Friday at 10 AM: http://bit.ly/CaampTix pic.twitter.com/3kb8bPHVKX";;@;;"879398865463517184";https://twitter.com/southern_cville/status/879398865463517184
southern_cville;2017-06-25 13:30;0;0;"End your weekend with some a cappella tunes from The First Harmonics + Tony LaRoco tonight! Doors at 5 & show at 7: http://bit.ly/FirstHarmTix pic.twitter.com/xC6sNgJajR";;;;"879028923685892096";https://twitter.com/southern_cville/status/879028923685892096
MusicCville;2017-06-25 10:00;0;0;"The First Harmonics with Tony LaRocco: @ southern_cville at 7 PM";;@;;"878976140936753152";https://twitter.com/MusicCville/status/878976140936753152
jayofsunshine_;2017-06-24 11:48;0;5;"we may not have a tiny bubbles in cville but we have southern muggs so who's the real winner";;;;"878640876246978560";https://twitter.com/jayofsunshine_/status/878640876246978560
uberbutch;2017-06-23 23:01;0;0;"Sarah White. Hell yeah. # livemusic # cville # sarahwhite sarah_white_songs @ southern_cville @The… https://www.instagram.com/p/BVtNvHfleTn/";;@ @The;# # #;"878447961830809601";https://twitter.com/uberbutch/status/878447961830809601
southern_cville;2017-06-23 15:33;0;1;"C'ville locals @ DiscoRisque will be rocking the Southern Saturday, July 8 with @ deafscenemusic! Grab your tix at: http://bit.ly/DiscoRTix pic.twitter.com/FDPCSM5sed";;@ @;;"878335099128995840";https://twitter.com/southern_cville/status/878335099128995840
thecarlsong;2017-06-22 14:54;1;1;"Can't wait to support Sarah White tomorrow night at the @ southern_cville @Virginia https://www.instagram.com/p/BVpxRU6HmKY/";;@ @Virginia;;"877963133293395968";https://twitter.com/thecarlsong/status/877963133293395968
southern_cville;2017-06-22 12:37;0;0;"Come by tonight for The Haus of Belle Drag Show - a night of drag queens, kings, and femme fatales! Tix: http://bit.ly/2shDbxK pic.twitter.com/rgdFkLr7R1";;;;"877928419346042881";https://twitter.com/southern_cville/status/877928419346042881
MusicCville;2017-06-22 10:00;0;0;"The Haus of Belle Drag Show: @ southern_cville at 8:30 PM";;@;;"877888930653151232";https://twitter.com/MusicCville/status/877888930653151232
Born_Crooked;2017-06-20 23:37;1;1;"We're thrilled to be supporting @ SteppinStonesSC at the @ southern_cville July 16th! Get your… https://www.instagram.com/p/BVljd7SFiqE/";;@ @;;"877369828553699329";https://twitter.com/Born_Crooked/status/877369828553699329
WarHenRecords;2017-06-20 15:56;0;3;"Come to the @ sarahwhite321 release show at @ southern_cville on Friday evening if you want to witness something really special";;@ @;;"877253841640718336";https://twitter.com/WarHenRecords/status/877253841640718336
southern_cville;2017-06-20 15:28;3;4;"JUST ANNOUNCED: Tickets are on sale this Friday for R&B artist @ SonLittleMusic at the Southern 9/28. Info: http://bit.ly/SonLittleTix pic.twitter.com/wz6YNPdN0L";;@;;"877246852411863040";https://twitter.com/southern_cville/status/877246852411863040
southern_cville;2017-06-16 13:27;0;0;"Come jam out with @ TheJauntee, The Blenders, and Tequila Mockingbird tonight! Grab your tix: http://bit.ly/JaunteeTix pic.twitter.com/MlOLSvc8z5";;@;;"875766674695344129";https://twitter.com/southern_cville/status/875766674695344129
MusicCville;2017-06-16 10:00;0;0;"The Jauntee with The Blenders and Tequila Mockingbird: @ southern_cville at 8 PM";;@;;"875714609335779328";https://twitter.com/MusicCville/status/875714609335779328
MahcusSmaht;2017-06-13 16:04;0;1;"@ theanteroom, @ southern_cville, and the @ TeaBazaar are all dope!";;@ @ @;;"874719230842855425";https://twitter.com/MahcusSmaht/status/874719230842855425
southern_cville;2017-06-13 12:17;1;1;"JUST ANNOUNCED: @ SpaffordMusic fall tour is coming to the Southern 9/27! Tix on sale this Friday at 11 AM: http://bit.ly/SpaffTix pic.twitter.com/uf6IKZRp4z";;@;;"874661980610736129";https://twitter.com/southern_cville/status/874661980610736129
MusicCville;2017-06-08 10:00;0;0;"The Haus of Belle Drag Show featuring Chicki Parm: @ southern_cville at 8:30 PM";;@;;"872815498131415041";https://twitter.com/MusicCville/status/872815498131415041
southern_cville;2017-06-06 14:10;1;2;"JUST ANNOUNCED: Tix on sale NOW for Mr.Kitty, The Rain Within, and Gild The Mourn July 3 presented by Goth Night! http://bit.ly/MrKittyTix pic.twitter.com/igzHPX4WOX";;;;"872153626462081024";https://twitter.com/southern_cville/status/872153626462081024
thejudychops;2017-06-05 12:14;2;2;"@ ButchertownRVA comes to @ southern_cville on Friday & we provide the # music! Get your tixx today! # VirginiaBurlesque # thejudychops # eventspic.twitter.com/iDyvjcbfYB";;@ @;# # # #;"871762176918343680";https://twitter.com/thejudychops/status/871762176918343680
cvillepulse;2017-06-02 14:30;2;1;""At its core, the album is guitar-driven power pop ... " Catch the ensemble @ southern_cville on Saturday. http://bit.ly/2qBb88J";;@;;"870709099075448832";https://twitter.com/cvillepulse/status/870709099075448832
dv_cntr;2017-06-01 11:14;1;2;"This is true. Catch the album-release show Saturday @ southern_cville. https://twitter.com/THEWesHester/status/869927810806231041 …";;@;;"870297538611556352";https://twitter.com/dv_cntr/status/870297538611556352
artscville;2017-05-31 11:41;1;2;"Chamber pop cellist @ wesswingmusic releases his second album, And The Heart, at @ southern_cville on Friday: http://www.c-ville.com/arts-picks-wes-swing/#.WS7iexMrKV4 …";;@ @;#;"869941887423188994";https://twitter.com/artscville/status/869941887423188994
southern_cville;2017-05-25 12:30;0;0;"Don't miss The Haus of Belle Drag show TONIGHT - all ages are welcome for family friendly fun! Get your tix now: http://bit.ly/HOBSTix pic.twitter.com/9cuuRPSaK4";;;;"867779805307187200";https://twitter.com/southern_cville/status/867779805307187200
MusicCville;2017-05-25 10:00;0;0;"The Haus Of Belle Drag Show featuring Bert Darling: @ southern_cville at 8:30 PM";;@;;"867742116100792324";https://twitter.com/MusicCville/status/867742116100792324
MusicCville;2017-05-23 10:00;0;0;"GOTH NIGHT w/ The Voice of Saturn: @ southern_cville at 8 PM";;@;;"867017294701973504";https://twitter.com/MusicCville/status/867017294701973504
StarrHill;2017-05-19 11:04;1;2;"Shout out to our buds of the local # Cville music scene! @ CvilleJefferson @ SprintPavilion @ southern_cville http://www.c-ville.com/takin-care-backstage-business-area-music-venues/?mc_cid=6206448a35&mc_eid=db963a117f#.WR8AzyMrIy5 …";;@ @ @;# #;"865583933727133697";https://twitter.com/StarrHill/status/865583933727133697
southern_cville;2017-05-15 12:20;1;3;"Austin duo @ TheWindTheWave are here tonight with Justin Kawika Young and The Native Sibling! Grab tix at: http://bit.ly/TWATWtix pic.twitter.com/lzSCD2aEQh";;@;;"864153401210290179";https://twitter.com/southern_cville/status/864153401210290179
MusicCville;2017-05-15 10:00;0;1;"106.1 The Corner welcomes The Wind And The Wave with Justin Kawika Young and The Native Sibling: @ southern_cville at 8:30 PM";;@;;"864118196126621697";https://twitter.com/MusicCville/status/864118196126621697
bourgwick;2017-05-14 00:57;1;5;"the man @ dumpland gets magical at @ southern_cville. massive dreamy segue suite ending with "comes a time"/"superpowerless" double punch. pic.twitter.com/w9hp0VUEdC";;@ @;;"863619219640000512";https://twitter.com/bourgwick/status/863619219640000512
bourgwick;2017-05-13 23:09;2;8;"girl choir, the pride of charlottesville, at @ southern_cville. pic.twitter.com/qgbVItIkwq";;@;;"863591968261144576";https://twitter.com/bourgwick/status/863591968261144576
dv_cntr;2017-05-13 18:53;1;2;"Tonite down at the @ southern_cville. https://twitter.com/cvillepulse/status/863127894561665024 …";;@;;"863527666091253760";https://twitter.com/dv_cntr/status/863527666091253760
moderatehome;2017-05-13 13:09;0;0;"A tour of the 2015 Southern Living Idea House: http://www.smalltownrambler.com/southern-living-idea-house-2015-a-magazine-comes-to-life/ … # SouthernLiving # design # interiors # Cville # Virginia";;;# # # # #;"863441093681184769";https://twitter.com/moderatehome/status/863441093681184769
southern_cville;2017-05-12 15:21;1;1;"2-for-1 special tonight with @ _NoraJane & The Honey Dewdrops co-bill! Tix still available at: http://bit.ly/HDDNJTix pic.twitter.com/KQYz2Lyxff";;@;;"863111792687493120";https://twitter.com/southern_cville/status/863111792687493120
MusicCville;2017-05-12 10:00;0;0;"The Honey Dewdrops / Nora Jane Struthers: @ southern_cville at 8:30 PM";;@;;"863031096891424770";https://twitter.com/MusicCville/status/863031096891424770
TwinPeaksDudes;2017-05-08 12:23;8;86;"CHARLOTTESVILLE we play in you for our 1st time in history We at @ southern_cville tonight and we come bearing the ruckus. Bring edibles plz pic.twitter.com/SOdrfqgQBB";;@;;"861617512663965696";https://twitter.com/TwinPeaksDudes/status/861617512663965696
chromeponyjamz;2017-05-08 10:43;1;2;"Headed to the @ southern_cville for another night of rowdy rock n roll with the homies… https://www.instagram.com/p/BT1cqwZjq0f/";;@;;"861592278036557824";https://twitter.com/chromeponyjamz/status/861592278036557824
MusicCville;2017-05-06 10:00;0;0;"The Barons with Ben Hardesty of The Last Bison: @ southern_cville at 9 PM";;@;;"860856718686801921";https://twitter.com/MusicCville/status/860856718686801921
WRIR;2017-05-05 14:29;1;1;"At 3 PM, POP Goes The World is giving away tix to see @ TwinPeaksDudes @ southern_cville on Monday, May 8! http://www.thesoutherncville.com/events/detail/twin-peaks …pic.twitter.com/3MOVQAjuk4";;@ @;;"860561985741529088";https://twitter.com/WRIR/status/860561985741529088
southern_cville;2017-05-03 16:32;0;1;"JUST ANNOUNCED: The Haus of Belle Drag Show returns Thursday, May 25! Tickets are on sale now: http://bit.ly/HOBSTix pic.twitter.com/QuzWAhF7Lg";;;;"859868238401986560";https://twitter.com/southern_cville/status/859868238401986560
richtarbell;2017-04-29 22:58;1;3;"15 of my photos from last night's @ shagwuf show at the @ southern_cville :: https://flic.kr/s/aHskU4yEVK pic.twitter.com/AS2gjudD14";;@ @;;"858515901330665472";https://twitter.com/richtarbell/status/858515901330665472
shagwuf;2017-04-28 16:15;0;1;"Witches Prom is TONIGHT TONIGHT TONIGHT at The @ southern_cville !!! DJ # djcadybug! ShagWitch!… https://www.instagram.com/p/BTcSw4zFjWx/";;@;#;"858052077515362305";https://twitter.com/shagwuf/status/858052077515362305
southern_cville;2017-04-28 13:16;0;0;"Wear your witchiest attire to celebrate the @ sitnmusic Release Party TONIGHT with @ shagwuf & DJ Cadybug! Tix: http://bit.ly/SITNTix pic.twitter.com/urM3QvkaRH";;@ @;;"858006902143201280";https://twitter.com/southern_cville/status/858006902143201280
MusicCville;2017-04-28 10:00;0;0;"Witches Prom: Ships In The Night Release Party with Shag Wïtch (Shagwüf) & DJ Cady Bug: @ southern_cville at 9 PM";;@;;"857957728437682177";https://twitter.com/MusicCville/status/857957728437682177
MusicCville;2017-04-28 10:00;0;0;"Ships in the Night- Shagwüf: @ southern_cville at 8 PM";;@;;"857957661773488128";https://twitter.com/MusicCville/status/857957661773488128
mipsomusic;2017-04-27 15:03;0;0;"we're going live on the radio @ wtju911fm ahead of our @ southern_cville show tonight! 4 pm. 91.1 locally or you can stream online??";;@ @;;"857671455143755776";https://twitter.com/mipsomusic/status/857671455143755776
mipsomusic;2017-04-27 11:35;0;4;"CHARLOTTESVILLE! We return to @ southern_cville tonight. The great Claire Hitchens kicks off the night. Tickets avail at the door!";;@;;"857619202949210113";https://twitter.com/mipsomusic/status/857619202949210113
katievaness;2017-04-27 07:02;0;1;"In 5 days, we will be in the presence of @ pennyandsparrow and all will be right in # Charlottesville... # pennyandsparrow @ southern_cville";;@ @;# #;"857550411624042496";https://twitter.com/katievaness/status/857550411624042496
southern_cville;2017-04-25 12:20;0;0;"Don't miss The Haus of Belle Drag Show TONIGHT with special headliner Sharon Husbands! Tix & info at: http://bit.ly/HausOfBelleSouthern …pic.twitter.com/Rb6RlAiuZf";;;;"856905648847683584";https://twitter.com/southern_cville/status/856905648847683584
optipop;2017-04-23 15:19;0;0;"Cville. Recognized the #. When are u coming to The Southern?";;;#;"856225942838050817";https://twitter.com/optipop/status/856225942838050817
southern_cville;2017-04-23 14:28;0;3;"UVA's seven-piece, soulful pop band The Willies celebrate the release of their new album TONIGHT! Get your tix at: http://bit.ly/WilliesTix pic.twitter.com/TbXuPHKizB";;;;"856213086184800256";https://twitter.com/southern_cville/status/856213086184800256
MusicCville;2017-04-23 10:00;0;0;"The Willies: @ southern_cville at 7:15 PM";;@;;"856145695031443456";https://twitter.com/MusicCville/status/856145695031443456
sjhesler;2017-04-21 23:40;0;6;"I think we all look forward to the things Sawyer says in between songs almost as much as the music itself! Glimpses of his dry humor.";;;;"855627391376535552";https://twitter.com/sjhesler/status/855627391376535552
Mjb133;2017-04-21 14:49;0;3;"Thanks for the retweet Tracy. Love these moments. Thanks, Joni";;;;"855493671030054912";https://twitter.com/Mjb133/status/855493671030054912
southern_cville;2017-04-21 14:00;1;1;"Richmond-based @ NoBSBrass brings the New Orleans funk TONIGHT with Gina Sobel's Choose Your Own Adventure! Tix: http://bit.ly/NOBSTix pic.twitter.com/IPiZum6M7I";;@;;"855481268137410560";https://twitter.com/southern_cville/status/855481268137410560
southern_cville;2017-04-20 14:00;0;0;"Country western legend @ guitsteel is here TONIGHT with The Jon Spear Band. Grab your tix at: http://bit.ly/JuniorBTix pic.twitter.com/AqEvOEXwlF";;@;;"855118882536923137";https://twitter.com/southern_cville/status/855118882536923137
HealeyParera;2017-04-20 12:59;0;1;"The Catholic Cavalier version of Southern Gothic. Btw, this whole time I was misreading Cville as Chile (!)";;;;"855103755016183810";https://twitter.com/HealeyParera/status/855103755016183810
MusicCville;2017-04-20 10:00;0;0;"Junior Brown with The Jon Spear Band: @ southern_cville at 8 PM";;@;;"855058557212934144";https://twitter.com/MusicCville/status/855058557212934144
cvillepulse;2017-04-19 11:30;3;3;"Jazz, funk and soul come to the @ southern_cville stage as @ erickrasno and @ butcherBRWN hit town: http://bit.ly/2oXTLlk pic.twitter.com/SqdDp1G68Z";;@ @ @;;"854718741505916928";https://twitter.com/cvillepulse/status/854718741505916928
butcherBRWN;2017-04-19 08:52;1;2;"# Charlottesville we're playing the @ southern_cville tonight right before the great @ erickrasno… https://www.instagram.com/p/BTEU-BYFyte/";;@ @;#;"854679215408590848";https://twitter.com/butcherBRWN/status/854679215408590848
southern_cville;2017-04-14 13:00;0;2;"Test your jokes or enjoy a good laugh at our FREE Open Mic tonight hosted by @ ChrisAlanComedy. The kitchen will be open all night long! pic.twitter.com/JxjmlO7b7h";;@;;"852929447044849664";https://twitter.com/southern_cville/status/852929447044849664
jtandalli;2017-04-13 15:01;0;1;"We'll be a trio tonight with the fabulous Mandy Fer of @ DaveMandyMusic";;@;;"852597738256687104";https://twitter.com/jtandalli/status/852597738256687104
MusicCville;2017-04-11 10:00;0;0;"LYAO Comedy featuring The Whethermen: @ southern_cville at 8 PM";;@;;"851797000039288832";https://twitter.com/MusicCville/status/851797000039288832
cville_schools;2017-04-07 15:12;2;6;"Shop Southern Muse clothing store tomorrow, and 10% of your purchase will benefit the Collierville Education Foundation! pic.twitter.com/kw98vEa8Dx";;;;"850426104443805696";https://twitter.com/cville_schools/status/850426104443805696
artscville;2017-04-06 16:52;0;7;"If the critics are correct, @ charlieworsham won't be playing small venues like @ southern_cville next time around: http://www.c-ville.com/arts-pick-charlie-worsham/ …";;@ @;;"850088960399261696";https://twitter.com/artscville/status/850088960399261696
southern_cville;2017-04-06 11:59;0;1;"JUST ANNOUNCED: The Haus Of Belle Drag Show at the Southern on April 25! Tickets on sale now: http://bit.ly/SouthernHausOfBelle …pic.twitter.com/uxGrP7S4SJ";;;;"850015136748380165";https://twitter.com/southern_cville/status/850015136748380165
southern_cville;2017-04-05 13:37;0;1;"Don't miss @ Parsonsfield TONIGHT! Doors at 6:30 and the music starts at 8- get your tix now: http://bit.ly/ParsonSTix pic.twitter.com/2TwSLivdRq";;@;;"849677264815964160";https://twitter.com/southern_cville/status/849677264815964160
DJKevinGraham;2017-04-05 13:02;0;0;"Big thanks to @ southern_cville for the delicious food!! The George Sandwich is AMAZING! @The… https://www.instagram.com/p/BSguV0whKjN/";;@ @The;;"849668456337162240";https://twitter.com/DJKevinGraham/status/849668456337162240
gradywsmith;2017-04-03 22:33;0;1;"If I'm not closing the restaurant that night, I'll be there!";;;;"849087470910283778";https://twitter.com/gradywsmith/status/849087470910283778
LesleyHastings;2017-04-02 16:35;0;0;"Sadly not tonight but not long til I see him here in the U.K. @ TheBullingdon";;@;;"848634950790377473";https://twitter.com/LesleyHastings/status/848634950790377473
richtarbell;2017-03-31 23:16;1;1;"30 of my photos from Wednesday night's @ gethighwaisted show at the @ southern_cville :: https://www.flickr.com/photos/richandpollywedding/albums/72157678776275973 …pic.twitter.com/VBe8LrKjH3";;@ @;;"848011278014656512";https://twitter.com/richtarbell/status/848011278014656512
richtarbell;2017-03-31 23:07;1;1;"20 of my photos from Wednesday night's @ shagwuf show at the @ southern_cville :: https://www.flickr.com/photos/richandpollywedding/albums/72157678775999803 …pic.twitter.com/2GOSXoXi4e";;@ @;;"848008954928082944";https://twitter.com/richtarbell/status/848008954928082944
southern_cville;2017-03-30 12:18;1;4;"Celebrate the release of @ GoldConnectionz new album TONIGHT with @ winstonsband & @ AngelicaGarcia! Tix: http://bit.ly/GoldCTix pic.twitter.com/EI3jJZgZEs";;@ @ @;;"847483056969650176";https://twitter.com/southern_cville/status/847483056969650176
southern_cville;2017-03-29 13:15;2;5;"Come get down with @ shagwuf & NYC-based @ gethighwaisted TONIGHT! Doors at 7 and the party starts at 9. Tix: http://bit.ly/ShagWaistedTix pic.twitter.com/nf8rnwHG4G";;@ @;;"847135015599292418";https://twitter.com/southern_cville/status/847135015599292418
shagwuf;2017-03-28 23:34;1;2;"We'll all be # waistoids tomorrow at The @ southern_cville for the hawt # Shagwüf & @ gethighwaisted… https://www.instagram.com/p/BSNQVU5lX8y/";;@ @;# #;"846928464515096577";https://twitter.com/shagwuf/status/846928464515096577
shagwuf;2017-03-28 08:42;2;2;"TOMORROW night at the @ southern_cville ! @ gethighwaisted & @ shagwuf take over cville! Only a few… https://www.instagram.com/p/BSLqOLplFbD/";;@ @ @;;"846703933460529155";https://twitter.com/shagwuf/status/846703933460529155
MusicCville;2017-03-26 10:00;0;0;"The Honeycutters: @ southern_cville at 8:30 PM";;@;;"845998835218481152";https://twitter.com/MusicCville/status/845998835218481152
bt_dmb;2017-03-26 01:41;3;69;"Thank you for the great welcome home party in cville. You sold out the Southern so CG will have to come back and play the Jefferson. # LoVE";;;#;"845873312316166146";https://twitter.com/bt_dmb/status/845873312316166146
bt_dmb;2017-03-25 22:49;8;49;". @ _crystalgarden on # Periscope: Crystal Garden Live at the Southern Cville VA 3/25/17 https://www.pscp.tv/w/a6XSFzF4ZUVXeGxiR1lxUVB8MXZBeFJnV21PWnFLbOiEPTkbA5YFwEZQjCpSVUsR6M2w4q4dfhcjOmy5Ulp4 …";;@;#;"845829935855996928";https://twitter.com/bt_dmb/status/845829935855996928
_crystalgarden;2017-03-25 22:44;5;11;"Crystal Garden Live at the Southern Cville VA 3/25/17 https://www.pscp.tv/w/a6XRCzF6dktOV2FBUHJMamV8MXZBeFJnV21PWnFLbDjjnZXXIpdXGDvmY5ay11XRXFs4Hb9RuWBCSKOSSDuv …";;;;"845828765880016896";https://twitter.com/_crystalgarden/status/845828765880016896
shellycustisDMB;2017-03-25 17:08;0;0;"@ Mycle_Wastman and @ frewen20 so nice to meet you today. See you tonight at the show @ southern_cville pic.twitter.com/oHqgXQYbeY";;@ @ @;;"845744094840328193";https://twitter.com/shellycustisDMB/status/845744094840328193
ImaUVAseven;2017-03-25 14:49;0;0;"Lemme get on the guest list as anonymous?";;;;"845709221081600000";https://twitter.com/ImaUVAseven/status/845709221081600000
shellycustisDMB;2017-03-25 14:02;0;0;"@ southern_cville we are on the road now, heading your way. Already have our tix. Can't wait to see my friend @ bt_dmb and @ _crystalgarden";;@ @ @;;"845697445715697665";https://twitter.com/shellycustisDMB/status/845697445715697665
MusicCville;2017-03-23 10:00;0;0;"The Trongone Band with Carl Dufrene Jr. (Anders Osborne): @ southern_cville at 9 PM";;@;;"844911681419395072";https://twitter.com/MusicCville/status/844911681419395072
MarleyMcN;2017-03-22 22:41;0;0;"Doin the thang in # charlottesvilleva tonight @ southern_cville… https://www.instagram.com/p/BR9tep1ji2eL1JVD57_t3iyePHfJug0RBzFZNk0/ …";;@;#;"844740749291933696";https://twitter.com/MarleyMcN/status/844740749291933696
southern_cville;2017-03-21 13:38;0;1;"JUST ANNOUNCED: The Honey Dewdrops return to share the stage with @ _NoraJane & The Party Line on Friday, May 12! Tix on sale this Friday. pic.twitter.com/EQWmDIRCvQ";;@;;"844241702080696325";https://twitter.com/southern_cville/status/844241702080696325
shagwuf;2017-03-21 11:21;0;2;"# shagwüf & @ gethighwaisted at the @ southern_cville on 3/29! Presales are moving fast doods. Get… https://www.instagram.com/p/BR5662zlCxs/";;@ @;#;"844207365213896704";https://twitter.com/shagwuf/status/844207365213896704
wearebombadil;2017-03-21 09:38;0;3;"Looking forward to sharing the stage with you, @ michaelscoleman! @ southern_cville";;@ @;;"844181510181847040";https://twitter.com/wearebombadil/status/844181510181847040
southern_cville;2017-03-19 14:00;0;0;"Indie folk with western soul, don't miss @ PaperBirdBand with Adar TONIGHT! Tix available before the door at: http://bit.ly/PBirdTIx pic.twitter.com/0L0NoDtio5";;@;;"843522469789163520";https://twitter.com/southern_cville/status/843522469789163520
southern_cville;2017-03-18 14:15;0;2;"TONIGHT! Jason Burke Band with Paulo Franco and The Freightliners! Tickets still available at: http://bit.ly/JBurkeTix pic.twitter.com/WWRHYIptqj";;;;"843163848483966976";https://twitter.com/southern_cville/status/843163848483966976
MusicCville;2017-03-18 10:00;0;1;"Jason Burke Band with Paulo Franco & The Freightliners: @ southern_cville at 8 PM # Charlottesville";;@;#;"843099699502505986";https://twitter.com/MusicCville/status/843099699502505986
charlespage2;2017-03-15 00:33;0;0;"can't wait for and and crystal garden to play cville at the southern";;;;"841869839958478849";https://twitter.com/charlespage2/status/841869839958478849
RimweLLC;2017-03-14 20:10;0;0;"The South’s Best Small Towns 2017 http://www.southernliving.com/souths-best/small-towns … via @ southern_living # localnews # VA # CVille";;@;# # #;"841803661462368256";https://twitter.com/RimweLLC/status/841803661462368256
shagwuf;2017-03-13 10:37;0;2;"Hop on it! @ gethighwaisted + @ shagwuf at @ southern_cville on 3/29!!! @The Southern Cafe and… https://www.instagram.com/p/BRlPiIElp7B/";;@ @ @ @The;;"841297207366164481";https://twitter.com/shagwuf/status/841297207366164481
bt_dmb;2017-03-12 00:49;0;3;"That rocks that you are coming to the Cville show. I'm sure we'll cross paths. # muchLoVE";;;#;"840801940371988480";https://twitter.com/bt_dmb/status/840801940371988480
maryjomattea;2017-03-10 19:40;1;2;"@ colorpalettedc is in # Charlottesville, VA tonight! @ southern_cville # livemusic @The Southern… https://www.instagram.com/p/BRemJoEB-d4/";;@ @ @The;# #;"840361772599070720";https://twitter.com/maryjomattea/status/840361772599070720
southern_cville;2017-03-09 14:46;1;3;"Soulful bluegrass with americana roots, @ FrontCountrySF & The Honey Dewdrops are here TONIGHT! Tickets + info at: http://bit.ly/FCHDTix pic.twitter.com/ohOvGzxxbH";;@;;"839925258006102016";https://twitter.com/southern_cville/status/839925258006102016
FrontCountrySF;2017-03-09 11:45;0;2;"Thanks for the big night, # AVL! Heading to VA to play @ southern_cville with the # HoneyDewdrops! See you there!";;@;# #;"839879794225463296";https://twitter.com/FrontCountrySF/status/839879794225463296
MusicCville;2017-03-09 10:00;0;0;"Front Country & The Honey Dewdrops: @ southern_cville at 8 PM";;@;;"839853322899087360";https://twitter.com/MusicCville/status/839853322899087360
cavalierdaily;2017-03-08 17:28;0;1;"A&E: @ ColonyHouse's performance at The @ southern_cville packed high energy into intimate space http://www.cavalierdaily.com/article/2017/03/colony-house-packs-high-energy-into-intimate-space …";;@ @;;"839603661303070720";https://twitter.com/cavalierdaily/status/839603661303070720
southern_cville;2017-03-08 11:00;0;0;"The Southern Café is now open for lunch 6 days a week! Full menu of soups, salads, and sandwiches available at http://thesoutherncville.com/the-cafe pic.twitter.com/9DGhWbwzBb";;;;"839506014563020800";https://twitter.com/southern_cville/status/839506014563020800
soundsbyangel;2017-03-07 23:45;1;0;"Encore in the round with @ riverwhyless tonight at @ southern_cville # cville # livemusic… https://www.instagram.com/p/BRXT2SJjpft/";;@ @;# #;"839336362578952192";https://twitter.com/soundsbyangel/status/839336362578952192
JPLadykillah;2017-03-07 21:16;0;1;"The Southern in Cville solved all the issues pic.twitter.com/HG0OZQxbUa";;;;"839298867225059328";https://twitter.com/JPLadykillah/status/839298867225059328
RiverWhyless;2017-03-07 14:01;0;2;"We spent the morning in a dream...tonight we're at the @ southern_cville in Charlottesville, VA--… https://www.instagram.com/p/BRWQ_WUhQmf/";;@;;"839189334385291264";https://twitter.com/RiverWhyless/status/839189334385291264
artscville;2017-03-05 13:45;1;1;". @ RiverWhyless will play tracks from its new record, We All the Light, at @ southern_cville on Tues. 3/7: http://www.c-ville.com/river-whyless-patches-world-music-influences-new-album/ …";;@ @;;"838460365092585472";https://twitter.com/artscville/status/838460365092585472
justmacks924;2017-03-03 08:32;0;2;"Thx for showin us how to get down under last night! That was the best I have ever heard the @ southern_cville sound! @ OPIUO # OPIUOonTOUR";;@ @;#;"837656988213456896";https://twitter.com/justmacks924/status/837656988213456896
southern_cville;2017-03-02 16:00;0;0;"Tonight's show at @ CvilleJefferson will now be at the Southern! 7 PM doors, 8:45 PM Show. All purchased tix will be honored. pic.twitter.com/pjpeKesQ03";;@;;"837407170731745280";https://twitter.com/southern_cville/status/837407170731745280
MusicCville;2017-03-01 10:00;2;1;"Major & The Monbacks with Big Mama Shakes: @ southern_cville at 9 PM";;@;;"836954319626756102";https://twitter.com/MusicCville/status/836954319626756102
southern_cville;2017-02-28 15:00;1;3;"JUST ANNOUNCED: @ mipsomusic returns to the Southern on 4/27! Tickets on sale Friday at 10 AM: http://bit.ly/MipsoTixS pic.twitter.com/UvSnSkmqGJ";;@;;"836667299327324161";https://twitter.com/southern_cville/status/836667299327324161
StrongWaterVA;2017-02-27 16:40;0;3;"1st round of voting for us to rock the stage @ locknfestival like we did @ southern_cville in the photo ends Mar 1! http://www.locknfestival.com/RTLvote pic.twitter.com/o2DBbrdbke";;@ @;;"836330314821693440";https://twitter.com/StrongWaterVA/status/836330314821693440
southern_cville;2017-02-26 14:45;0;1;"TONIGHT! @ NRBQHeadquarter with The Gladstones! Tickets + info available at: http://bit.ly/NRBQTixS pic.twitter.com/5xB0QeSRV6";;@;;"835938739130007552";https://twitter.com/southern_cville/status/835938739130007552
MusicCville;2017-02-26 10:00;0;0;"NRBQ with The Gladstones: @ southern_cville at 8:30 PM";;@;;"835867047116468224";https://twitter.com/MusicCville/status/835867047116468224
WillOverman1;2017-02-24 12:00;1;2;"Thanks for the love @ artscville. Who's coming to the show tonight at @ southern_cville? http://www.c-ville.com/arts-pick-will-overman/ …";;@ @;;"835172661361852417";https://twitter.com/WillOverman1/status/835172661361852417
MusicCville;2017-02-24 10:00;0;0;"Will Overman Band- THE VEGABONDS- Cris Jacobs: @ southern_cville at 6:30 PM";;@;;"835142278796599297";https://twitter.com/MusicCville/status/835142278796599297
MSheaBarnes;2017-02-23 21:07;0;0;"NRBQ: the best cult bar band you never heard of, Sunday @ southern_cville. Come on out! https://open.spotify.com/track/43e5f8F6ZZFIuttQb9nnPE …";;@;;"834947868410724352";https://twitter.com/MSheaBarnes/status/834947868410724352
StrongWaterVA;2017-02-23 20:22;0;0;"Hitting the stage @ southern_cville w/ @ BoyNamedBanjo in about 10 minutes! Tickets $10 at the door! # strongwater # boynamedbanjo # americanapic.twitter.com/Aw8l6QAQcT";;@ @;# # #;"834936541592059904";https://twitter.com/StrongWaterVA/status/834936541592059904
joceleee;2017-02-22 21:18;0;0;"i realized maybe it's bc of where i am rn? the mostly white southern cville/uva vs the super diverse nova suburbs";;;;"834588161749708800";https://twitter.com/joceleee/status/834588161749708800
artscville;2017-02-22 14:26;2;4;".@WillOvermanBand charms the crowd at @ southern_cville on Friday: http://www.c-ville.com/arts-pick-will-overman/ …";;@WillOvermanBand @;;"834484639196708865";https://twitter.com/artscville/status/834484639196708865
DanielWHeff;2017-02-21 14:44;1;2;"Loved playing with ya'll! + the new Bison is";;;;"834126589017354241";https://twitter.com/DanielWHeff/status/834126589017354241
WillOverman1;2017-02-20 20:57;0;1;"New members aboard the WOB train this spring! Come see us at @ southern_cville on Friday. Tix - http://bit.ly/2k6nGC4 pic.twitter.com/UJlt0kmyDa";;@;;"833858123001643008";https://twitter.com/WillOverman1/status/833858123001643008
MusicCville;2017-02-19 10:00;0;0;"The Last Bison with The Barons: @ southern_cville at 8 PM";;@;;"833330322175451137";https://twitter.com/MusicCville/status/833330322175451137
MusicCville;2017-02-18 10:00;0;0;"Butchertown Burlesque featuring Lady Borgia, Empress D'Naste, & The Judy Chops: @ southern_cville at 9 PM";;@;;"832968000282062848";https://twitter.com/MusicCville/status/832968000282062848
southern_cville;2017-02-17 15:39;1;1;"Don't miss the @ lowlandhum Album Release show TONIGHT presented by @ WNRNradio! Tix: http://bit.ly/LowlandHumTix pic.twitter.com/aSEof4IH48";;@ @;;"832690838375383040";https://twitter.com/southern_cville/status/832690838375383040
artscville;2017-02-17 12:10;1;1;". @ that1guy brings The Magic Pipe to @ southern_cville on Monday to perform songs like "The Moon is Disgusting," "B... http://www.c-ville.com/arts-pick-1-guy/ …";;@ @;;"832638252318236672";https://twitter.com/artscville/status/832638252318236672
WillOverman1;2017-02-17 12:01;1;2;"One week till we take the stage at @ southern_cville with @ CrisJacobs1 and @ TheVegabonds . Tickets on sale now: http://bit.ly/2k6nGC4 pic.twitter.com/UJUP27IQcD";;@ @ @;;"832636175345020928";https://twitter.com/WillOverman1/status/832636175345020928
MusicCville;2017-02-16 10:00;0;0;"The Ghost of Paul Revere with Gallatin Canyon: @ southern_cville at 8:30 PM";;@;;"832243178795261952";https://twitter.com/MusicCville/status/832243178795261952
thejudychops;2017-02-15 21:38;2;1;"Playing @ southern_cville # Saturday providing # music for the lovely ladies of @ ButchertownRVA # burlesque # livemusic # Virginia # eventspic.twitter.com/g9yQUIuEEC";;@ @;# # # # # #;"832056601884372992";https://twitter.com/thejudychops/status/832056601884372992
alinedolinh;2017-02-15 15:53;0;3;"ok but this is LITERALLY me at the gig tonight because I once rediscovered God in a grilled cheese sandwich from @ southern_cville https://twitter.com/imagrandfather/status/829854923374223360 …";;@;;"831969814432342016";https://twitter.com/alinedolinh/status/831969814432342016
southern_cville;2017-02-15 14:00;3;12;"TONIGHT! Tickets are running low for @ PWRBTTMBAND with @ MalBlum & The Blums and @ nakedgiants! Get yours at http://bit.ly/PWRBTTMTix pic.twitter.com/arYt5XaI5N";;@ @ @;;"831941147001970689";https://twitter.com/southern_cville/status/831941147001970689
thelastbison;2017-02-15 11:34;1;14;"Thanks @ WNRNradio for a great morning...& for the # coldbrew! # Charlottesville hope to see you 2/19 @ southern_cville: http://bit.ly/2lyeXbV pic.twitter.com/14tu76sN1k";;@ @;# #;"831904530820321281";https://twitter.com/thelastbison/status/831904530820321281
MusicCville;2017-02-15 10:00;0;0;"PWR BTTM with Mal Blum and the Blums and Naked Giants: @ southern_cville at 9 PM";;@;;"831880772353036288";https://twitter.com/MusicCville/status/831880772353036288
GoldConnectionz;2017-02-14 14:26;0;5;"Meet u at the @ southern_cville https://twitter.com/lowlandhum/status/831585084738240513 …";;@;;"831585390339428353";https://twitter.com/GoldConnectionz/status/831585390339428353
lowlandhum;2017-02-14 14:25;0;7;"Getting back on the road feels good. This weekend: GREENSBORO ( thurs @ resonategso ) and CHARLOTTESVILLE ( fri @ southern_cville ) !!!! pic.twitter.com/qYVTRLna18";;@ @;;"831585084738240513";https://twitter.com/lowlandhum/status/831585084738240513
southern_cville;2017-02-14 13:15;1;3;"JUST ANNOUNCED: @ CharlieMars at the Southern on Friday, 5/19! Tickets on sale this Friday at 10 AM. pic.twitter.com/6x4Egx3cON";;@;;"831567438105952256";https://twitter.com/southern_cville/status/831567438105952256
shellycustisDMB;2017-02-14 01:30;0;1;"Happy # LoVE Day Can't wait to see U Boyd and @ _crystalgarden at the @ southern_cville next month # HUGS";;@ @;# #;"831390081835479040";https://twitter.com/shellycustisDMB/status/831390081835479040
southern_cville;2017-02-12 14:00;0;2;"TONIGHT- @ SpaffordMusic with @ Bencoolenmusic at 9PM! Tix available at the door or at: http://bit.ly/SpaffordTix pic.twitter.com/bJugz4Hh2e";;@ @;;"830853998198476800";https://twitter.com/southern_cville/status/830853998198476800
WillOverman1;2017-02-10 17:06;2;3;"Just two weeks till we take the stage at @ southern_cville with @ TheVegabonds on 2/24. Tickets on sale now - http://bit.ly/2kY8jPx pic.twitter.com/qOTPuCh7li";;@ @;;"830176123149570048";https://twitter.com/WillOverman1/status/830176123149570048
c_sand24;2017-02-10 13:22;1;4;"@ bt_dmb enjoyed @ _crystalgarden so much @ CvilleJefferson in May that I couldn't pass up the show at @ southern_cville in March! Tickets =";;@ @ @ @;;"830119726386970624";https://twitter.com/c_sand24/status/830119726386970624
MusicCville;2017-02-10 10:00;0;0;"The Southern Belles with Groove Fetish: @ southern_cville at 9 PM";;@;;"830069009311608832";https://twitter.com/MusicCville/status/830069009311608832
shellycustisDMB;2017-02-09 23:31;0;0;"@ bt_dmb BT I'm buying tix for @ _crystalgarden for # Cville show at The Southern tmrw at 10am # muchLoVE";;@ @;# #;"829910661828329472";https://twitter.com/shellycustisDMB/status/829910661828329472
southern_cville;2017-02-08 18:38;0;2;"wall mural in the cafe!";;;;"829474574622400513";https://twitter.com/southern_cville/status/829474574622400513
WillOverman1;2017-02-08 11:12;1;4;"Folk, we've got tickets for our show at the @ southern_cville on 2/24 and you won't find them cheaper anywhere else. Hit us up to get yours! pic.twitter.com/NMlg0jaDpz";;@;;"829362269108760577";https://twitter.com/WillOverman1/status/829362269108760577
CvilleJefferson;2017-02-08 10:55;1;3;"We’re show-less tonight but highly recommend checking out @ mglaspy around the corner at @ southern_cville! http://bit.ly/MGlaspySouthern pic.twitter.com/06KwtPptsY";;@ @;;"829357938984771584";https://twitter.com/CvilleJefferson/status/829357938984771584
southern_cville;2017-02-06 12:10;0;0;"JUST ANNOUNCED: @MonbackTweets return to the Southern 3/1 - get your tickets NOW: http://bit.ly/MajorMonTix pic.twitter.com/mmzJRoChqQ";;@MonbackTweets;;"828651975893848064";https://twitter.com/southern_cville/status/828651975893848064
southern_cville;2017-02-05 13:18;0;1;"Come watch the Big Game on the big screen at our FREE Football Viewing Party TONIGHT! Doors at 6 & kick off at 6:30. pic.twitter.com/0pLb7PHRxu";;;;"828306704597127168";https://twitter.com/southern_cville/status/828306704597127168
MusicCville;2017-02-05 10:00;0;0;"The Game That Cannot Be Named A Football Viewing Party: @ southern_cville at 6 PM";;@;;"828256906296774656";https://twitter.com/MusicCville/status/828256906296774656
MusicCville;2017-02-02 10:00;0;0;"Consider the Source with Threesound: @ southern_cville at 9 PM";;@;;"827169770868838400";https://twitter.com/MusicCville/status/827169770868838400
WCNRTheCorner;2017-02-01 18:35;1;2;"Like our # CornerLounge w/ @ atcmusic last week? Catch the show at @ southern_cville? Read more info on the band here: http://1061thecorner.com/kendall-stewart/air-traffic-controller-the-best-band-you-wont-believe-is-unsigned/ …";;@ @;#;"826937038071066624";https://twitter.com/WCNRTheCorner/status/826937038071066624
peffer69;2017-02-01 11:29;0;1;"Great band shows this Spring - 3/18 w/Jason Burke Band @ southern_cville; 3/31 @ thecamelrva with @ HorseheadMusic & Landon Elliott & The Goods";;@ @ @;;"826829866465128448";https://twitter.com/peffer69/status/826829866465128448
StrongWaterVA;2017-01-31 15:18;1;2;"Can't wait to hit the stage with these guys! # Folk # Americana # UVA # Charlottesville";;;# # # #;"826525090535845888";https://twitter.com/StrongWaterVA/status/826525090535845888
southern_cville;2017-01-31 11:45;0;1;"JUST ANNOUNCED: Tickets on sale NOW for the Adar Album Release Party w/ @ ginasobel & Choose Your Own Adventure! http://bit.ly/AdarTix pic.twitter.com/AEaKCZNorS";;@;;"826471357617729537";https://twitter.com/southern_cville/status/826471357617729537
southern_cville;2017-01-30 12:35;0;0;"JUST ANNOUNCED: Tickets on sale Friday for the Pennsylvania-based four piece @ TheDistrictsPa! Tix + info: http://bit.ly/DistrictsSTix pic.twitter.com/UC3ylcrlNW";;@;;"826121554752831488";https://twitter.com/southern_cville/status/826121554752831488
ChroLikeTheBird;2017-01-29 11:59;0;0;"Speaking of great music, just bought my tickets for @ ColonyHouse at the @ southern_cville and I'm SUPER stoked.";;@ @;;"825750288913010688";https://twitter.com/ChroLikeTheBird/status/825750288913010688
MusicCville;2017-01-28 10:00;0;0;"WNRN Presents: The Hill and Wood Album Release Show with Klauss: @ southern_cville at 8 PM";;@;;"825357783839051777";https://twitter.com/MusicCville/status/825357783839051777
FrontCountrySF;2017-01-27 17:30;0;0;"Tix on sale TODAY for our show on 3/9 w/ The Honey Dewdrops @ southern_cville! Get them now! …http://thesoutherncville.shop.ticketstoday.com/basket.aspx?Action=AddTickets&eventId=175642 …";;@;;"825108828081573891";https://twitter.com/FrontCountrySF/status/825108828081573891
SallyRoseBand;2017-01-27 15:36;0;1;"This is how excited we are for @ ShhSecretStorm record release tonight at the @ southern_cville… https://www.instagram.com/p/BPyAzp-hGDz/";;@ @;;"825080004002275328";https://twitter.com/SallyRoseBand/status/825080004002275328
cvillepulse;2017-01-27 14:45;1;2;"The pace started to slow for @ TheHillandWood. But it's back with a new album and release show @ southern_cville: http://bit.ly/2jZKhmj pic.twitter.com/1hN9u6P0GB";;@ @;;"825067107528372224";https://twitter.com/cvillepulse/status/825067107528372224
southern_cville;2017-01-27 13:07;0;0;"Come celebrate the @ ShhSecretStorm album release with us TONIGHT featuring special guests @ SallyRoseBand! Tix: http://bit.ly/LHoffmanTix pic.twitter.com/2WX8WzlptJ";;@ @;;"825042610842587136";https://twitter.com/southern_cville/status/825042610842587136
MusicCville;2017-01-27 10:00;0;0;"Lauren Hoffman and the Secret Storm Album Release Party with The Sally Rose Band: @ southern_cville at 9 PM";;@;;"824995492119449600";https://twitter.com/MusicCville/status/824995492119449600
MusicCville;2017-01-27 10:00;0;0;"Lauren Hoffman & The Secret Storm- The Sally Rose Band: @ southern_cville at 7 PM";;@;;"824995425887215616";https://twitter.com/MusicCville/status/824995425887215616
kizzydc;2017-01-25 21:33;0;0;"can't get @ southern_cville on the phone :( I'll keep trying, might have to catch you next time. Loved your show in SF!!";;@;;"824445038205829120";https://twitter.com/kizzydc/status/824445038205829120
SallyRoseBand;2017-01-25 18:12;0;0;"Can't wait to see you fine and foxy babes at the @ southern_cville for @ ShhSecretStorm 's Record… https://www.instagram.com/p/BPtJHCEBeEf/";;@ @;;"824394584553779200";https://twitter.com/SallyRoseBand/status/824394584553779200
WCNRTheCorner;2017-01-25 17:50;2;3;"@ atcmusic warming Up in the Corner Lounge. They're playing at @ southern_cville tonight! Tune in to hear them right now! pic.twitter.com/J5uuHLF6OO";;@ @;;"824389114254557184";https://twitter.com/WCNRTheCorner/status/824389114254557184
artscville;2017-01-25 15:04;1;2;"Local sultry alt-rock act Lauren Hoffman & The Secret Storm releases new record at @ southern_cville on Friday: http://www.c-ville.com/arts-pick-lauren-hoffman-secret-storm-2/ …";;@;;"824347124456419328";https://twitter.com/artscville/status/824347124456419328
southern_cville;2017-01-25 12:39;3;2;"JUST ANNOUNCED: Tickets on sale Friday for @ FrontCountrySF & The Honey Dewdrops on March 9! pic.twitter.com/oRoAH6C5MM";;@;;"824310617053937664";https://twitter.com/southern_cville/status/824310617053937664
Sarah_Wyland;2017-01-25 12:00;0;3;"Should @ charlieworsham want to play a show in Charlottesville, I think @ southern_cville wouldn't mind having you - loving the new songs!";;@ @;;"824300915297570816";https://twitter.com/Sarah_Wyland/status/824300915297570816
GoldConnectionz;2017-01-24 10:21;1;5;"TONIGHT: playing the @ southern_cville with @ ryleywalker. Doors 730/ music 830! Tix:…http://thesoutherncville.shop.ticketstoday.com/basket.aspx?Action=AddTickets&eventId=175077 …";;@ @;;"823913504029765633";https://twitter.com/GoldConnectionz/status/823913504029765633
WillOverman1;2017-01-23 10:34;1;2;"First full band show of the year! Join us on 2/24 at @ southern_cville with @ TheVegabonds and @ CrisJacobs1 . Mark those calendars folks.pic.twitter.com/Yu9fIUsbHN";;@ @ @;;"823554408407584771";https://twitter.com/WillOverman1/status/823554408407584771
traecrowder;2017-01-22 22:41;0;1;"We are hoping the venue will release a few more tickets. Call them tomorrow!";;;;"823375086744838144";https://twitter.com/traecrowder/status/823375086744838144
BurgerBach;2017-01-21 12:23;0;3;"Enjoy our burger of the month, the Southern Gent, while you can! Offered until 1/31. # shortpump # durham # cville # midlopic.twitter.com/yIsRiGrTX8";;;# # # #;"822857109251457029";https://twitter.com/BurgerBach/status/822857109251457029
southern_cville;2017-01-19 13:30;0;0;"JUST ANNOUNCED: Tickets on sale NOW for the annual Country Sweethearts Valentines Day Show on February 14! http://bit.ly/CountryVday pic.twitter.com/zcCvbVRWve";;;;"822149131489710081";https://twitter.com/southern_cville/status/822149131489710081
southern_cville;2017-01-19 13:00;0;0;"JUST ANNOUNCED: Butchertown Burlesque is back at the Southern on Saturday, February 18 featuring @ thejudychops! Tickets on sale tomorrow.pic.twitter.com/o9oMSrRUVU";;@;;"822141585835995136";https://twitter.com/southern_cville/status/822141585835995136
artscville;2017-01-18 09:45;1;2;". @ ChrisAlanComedy takes top billing in the LYAO Showcase at @ southern_cville January 20. http://www.c-ville.com/arts-pick-chris-alan/ …";;@ @;;"821730187536662529";https://twitter.com/artscville/status/821730187536662529
southern_cville;2017-01-15 15:32;1;5;"This week at The Southern: @ sustoisreal with @ LordNelsonBand & @HeyroccoArmy, LYAO with @ ChrisAlanComedy, & more!pic.twitter.com/046D1K0i7N";;@ @ @HeyroccoArmy @;;"820730277936779265";https://twitter.com/southern_cville/status/820730277936779265
southern_cville;2017-01-14 14:15;3;20;"We've got a SOLD OUT show tonight with the incredible @ maggierogers! Doors open at 6:30 and @ iamscottjames kicks off at 8:30- see you then!pic.twitter.com/DSJmNreqYW";;@ @;;"820348515725570049";https://twitter.com/southern_cville/status/820348515725570049
southern_cville;2017-01-13 13:45;1;1;"JUST ANNOUNCED: Tickets are just $5 for the @ SHHOatUVA Local Hip Hop Showcase on February 9! Get yours now: http://bit.ly/SHHOTix pic.twitter.com/tbOZkjwRAT";;@;;"819978571775021056";https://twitter.com/southern_cville/status/819978571775021056
justmacks924;2017-01-12 17:31;0;2;"Can we get @ TigermanWOAH at the @ southern_cville sometime soon? These boys tore down at @ floydfest this past year. One of my fav takeaways!";;@ @ @;;"819673153232314368";https://twitter.com/justmacks924/status/819673153232314368
WCNRTheCorner;2017-01-12 14:43;1;2;"Tonight's the night! @ Mike_Doughty_ @ southern_cville Here's his # CornerLounge from 10/28/16 https://shar.es/1OX1VO  via @ WCNRTheCorner";;@ @ @;#;"819631014859472896";https://twitter.com/WCNRTheCorner/status/819631014859472896
southern_cville;2017-01-12 13:15;0;1;"@ Mike_Doughty_ is here TONIGHT with special guests @ wheatus! Get your tix before the door at: http://bit.ly/MikeDoughtyTix pic.twitter.com/wCEcuTZ5ed";;@ @;;"819608633977675776";https://twitter.com/southern_cville/status/819608633977675776
southern_cville;2017-01-07 13:15;0;0;"TONIGHT: The 10th Annual Vaden Cox & Friends Southern Holiday Celebration! Grab your tickets now: http://bit.ly/VadenCoxTix pic.twitter.com/skj7T7y5ze";;;;"817796697053007872";https://twitter.com/southern_cville/status/817796697053007872
MusicCville;2017-01-07 10:00;0;0;"Vaden Cox and Friends: The 10th Annual Southern Holiday Celebration featuring Eric Heinsohn, John Stubblefield,...: @ southern_cville @8 PM";;@ @8;;"817747658114666497";https://twitter.com/MusicCville/status/817747658114666497
MusicCville;2017-01-06 10:00;0;1;"WTJU presents: The Michael Clem Band with The Pollocks: @ southern_cville at 8 PM";;@;;"817385290461417472";https://twitter.com/MusicCville/status/817385290461417472
lexisimcic;2017-01-03 15:22;0;5;"@ ColonyHouse is coming to the southern in cville on my bday # hellyessssssssss";;@;#;"816379122549014528";https://twitter.com/lexisimcic/status/816379122549014528
KoolBooth;2017-01-01 20:07;0;2;"200 @ KoolBooth photos from last night's New Year's Eve Pajama Dance Party event at the @ southern_cville - https://www.new-years-eve-pa-1.koolbooth.com/ # koolboothpic.twitter.com/TIbNyV275m";;@ @;#;"815726118070263808";https://twitter.com/KoolBooth/status/815726118070263808
Scuzz83;2016-12-31 22:54;0;0;"Ringing in the New Year (@The Southern Café & Music Hall - @ southern_cville in Charlottesville, VA) https://www.swarmapp.com/c/0ozIJMY0Wl8";;@The @;;"815405910000594944";https://twitter.com/Scuzz83/status/815405910000594944